Id,Price,Latitude,Longitude,Surface_built,Surface_useful,Bedrooms,Bathrooms,Type,Condition,Partitioning,BuildingYear
BA096834-E8EF-4CAD-1F82-08D90338E4D9,350,47.12119,27.56921,90,90,3,2,apartament,utilizat,decomandat,2001
FAC5620D-6325-4124-1F86-08D90338E4D9,250,47.16217,27.56323,90,74,3,1,apartament,utilizat,decomandat,1984
72AAF885-78D0-4584-1F8E-08D90338E4D9,264,47.16267,27.56408,88,72,3,1,apartament,utilizat,decomandat,1980
8A3E5764-C93D-4BC0-1F8F-08D90338E4D9,264,47.16217,27.56323,88,72,3,1,apartament,utilizat,decomandat,1982
B3CDA21D-E64E-4AB9-1F93-08D90338E4D9,349,47.16586,27.57201,85,75,3,1,apartament,utilizat,decomandat,1980
B8A7B793-B86B-4F6C-1F9A-08D90338E4D9,280,47.16703,27.58428,80,70,3,1,apartament,utilizat,decomandat,1980
C4016C06-63D4-4A3A-1F9B-08D90338E4D9,390,47.17535,27.54304,80,80,3,2,apartament,utilizat,decomandat,1980
BA97AC4F-8B00-4625-1F9E-08D90338E4D9,300,47.15292,27.59158,80,72,3,2,apartament,renovat,decomandat,1987
C548EE35-A08B-4D60-1FA0-08D90338E4D9,300,47.15292,27.59158,80,72,3,2,apartament,renovat,decomandat,1987
96423D44-C5F2-4825-1FA1-08D90338E4D9,370,47.16267,27.56408,80,75,3,2,apartament,renovat,decomandat,1978
BA3D72CC-94B4-4DC4-1FAD-08D90338E4D9,350,47.17279,27.54828,80,73,3,1,apartament,renovat,decomandat,1990
F0FB8D0A-2C4A-447D-1FB5-08D90338E4D9,319,47.1564,27.56966,79,70,3,1,apartament,utilizat,semidecomandat,1977
B622A164-5E0B-4D57-1FC0-08D90338E4D9,350,47.16738,27.56729,75,75,3,1,apartament,renovat,decomandat,2020
8BF6A83F-EC7E-4315-1FC3-08D90338E4D9,399,47.15286,27.60534,75,65,2,1,apartament,nou,decomandat,2018
BAEC729F-EFDC-479D-1FCC-08D90338E4D9,300,47.16744,27.58402,75,75,3,2,apartament,utilizat,decomandat,1986
7EDDD748-08F2-46B7-1FD5-08D90338E4D9,300,47.17636,27.51568,75,65,2,1,apartament,nou,decomandat,2014
C7E28494-B048-4A0D-1FD6-08D90338E4D9,299,47.16843,27.54502,75,70,3,1,apartament,renovat,decomandat,1980
476A986D-CCD3-4299-1FD9-08D90338E4D9,300,47.1533,27.56981,75,75,3,2,apartament,utilizat,decomandat,1980
98953DAF-D8AD-46C5-1FDB-08D90338E4D9,300,47.16896,27.56744,74,74,3,2,apartament,renovat,decomandat,1988
83C73A3C-AC56-4CF0-1FDF-08D90338E4D9,350,47.15175,27.59779,72,68,3,1,apartament,renovat,semidecomandat,1970
2446D8EA-11B6-42D5-1FE1-08D90338E4D9,390,47.17851,27.57282,71,61,3,1,apartament,utilizat,decomandat,1980
021B16C3-E2B4-48BF-1FE4-08D90338E4D9,299,47.14637,27.60492,70,60,2,1,apartament,nou,semidecomandat,2018
A79987A1-BD8A-4BAB-1FE5-08D90338E4D9,250,47.12009,27.62311,70,65,2,1,apartament,nou,decomandat,2016
5824DF06-4847-4D02-1FEE-08D90338E4D9,300,47.15988,27.61417,70,75,3,1,apartament,renovat,semidecomandat,1970
0AA0E05B-A05B-4F03-1FF4-08D90338E4D9,280,47.12847,27.60453,70,60,2,1,apartament,utilizat,decomandat,2013
DBAC715A-3F2E-4F18-1FFA-08D90338E4D9,350,47.15292,27.59158,70,56,2,1,apartament,nou,decomandat,2020
AFA7A362-7772-4AE0-2002-08D90338E4D9,305,47.16248,27.61222,70,70,3,1,apartament,renovat,decomandat,1980
42434115-3D40-4D3A-2003-08D90338E4D9,250,47.12941,27.60621,70,54,2,1,apartament,renovat,semidecomandat,2014
CEF3C08D-59B1-4575-2005-08D90338E4D9,350,47.15804,27.60065,70,65,3,1,apartament,renovat,semidecomandat,1970
CEA45E62-5220-4B58-2008-08D90338E4D9,349,47.20276,27.53458,70,60,2,1,apartament,utilizat,decomandat,2019
8B51A713-8A6F-4CC6-200C-08D90338E4D9,330,47.14614,27.57626,69,69,3,1,apartament,utilizat,decomandat,1980
02208149-DA21-42EA-200D-08D90338E4D9,320,47.17543,27.55036,69,69,3,1,apartament,utilizat,decomandat,1989
659C5EC0-0CA4-42AB-2010-08D90338E4D9,330,47.15292,27.59158,68,60,3,1,apartament,renovat,semidecomandat,1980
5B974073-E7C0-4E54-201E-08D90338E4D9,390,47.16632,27.59798,67,67,2,1,apartament,renovat,semidecomandat,2016
873B957D-1015-43DC-2020-08D90338E4D9,350,47.16609,27.59756,67,60,2,1,apartament,renovat,decomandat,2016
CAC0B2C1-E2E8-4C3A-2023-08D90338E4D9,399,47.11947,27.62844,67,66,2,1,apartament,renovat,decomandat,2019
DBBD390F-F75E-43C1-2028-08D90338E4D9,350,47.12635,27.61761,66,54,2,1,apartament,renovat,decomandat,2021
F05F7B20-4A0F-4344-202D-08D90338E4D9,300,47.17258,27.59106,65,65,2,1,apartament,renovat,decomandat,2019
85BBE15F-DC56-4468-2036-08D90338E4D9,350,47.12009,27.62311,65,55,2,1,apartament,nou,decomandat,2020
E00297BD-B6A5-4C51-2037-08D90338E4D9,350,47.12009,27.62311,65,55,2,1,apartament,nou,decomandat,2020
B6B518DC-209C-4EBE-2049-08D90338E4D9,390,47.19604,27.55191,63,63,2,1,apartament,renovat,decomandat,2016
A4A82625-54D2-402E-204B-08D90338E4D9,300,47.15292,27.59158,62,55,2,1,apartament,nou,decomandat,2020
8D486247-DF02-42D1-2050-08D90338E4D9,390,47.20045,27.54072,62,52,2,1,apartament,renovat,decomandat,2020
D81B5ED3-CBA8-4953-2054-08D90338E4D9,330,47.13555,27.5898,62,60,2,1,apartament,nou,decomandat,2020
1F5384E4-8DAA-44FD-2056-08D90338E4D9,390,47.17875,27.56893,61,61,3,1,apartament,renovat,decomandat,1960
35630FB8-E5ED-4369-2058-08D90338E4D9,350,47.15292,27.59158,61,58,2,1,apartament,nou,decomandat,2018
AB864BAC-ABF2-401F-2059-08D90338E4D9,250,47.18078,27.56696,60,60,2,1,apartament,utilizat,decomandat,1960
AD2710D3-40D4-443B-205B-08D90338E4D9,320,47.16703,27.58428,60,57,2,1,apartament,renovat,decomandat,1980
15B967E6-1CB5-4339-205C-08D90338E4D9,330,47.14702,27.57617,60,60,3,1,apartament,utilizat,decomandat,1980
ADF07707-A338-4EF4-205D-08D90338E4D9,249,47.18134,27.5187,60,51,2,1,apartament,utilizat,decomandat,2019
57C785E6-1557-4BC9-205E-08D90338E4D9,300,47.15292,27.59158,60,55,2,1,apartament,nou,semidecomandat,2020
39FF971B-FD56-4058-205F-08D90338E4D9,300,47.14674,27.60396,60,50,2,1,apartament,utilizat,decomandat,2020
BE263C29-F42A-43EA-2060-08D90338E4D9,280,47.16267,27.56408,60,60,2,1,apartament,utilizat,decomandat,1979
46A45E29-EFB8-4612-2061-08D90338E4D9,275,47.1327,27.5579,60,60,2,1,apartament,nou,decomandat,2020
85AE8235-8ACB-4E35-2067-08D90338E4D9,365,47.15845,27.60144,60,60,2,1,apartament,renovat,decomandat,1980
C21C7E64-76EE-47BE-206F-08D90338E4D9,300,47.1601,27.56366,60,55,3,1,apartament,utilizat,decomandat,1978
D2A9C49B-3862-4105-207B-08D90338E4D9,320,47.15292,27.59158,60,55,2,1,apartament,utilizat,NULL,1960
557FA605-0C38-4AFB-207D-08D90338E4D9,300,47.15047,27.58663,60,60,2,1,apartament,renovat,circular,1980
4A541866-69BE-45A7-208B-08D90338E4D9,399,47.15292,27.59158,60,50,2,1,apartament,utilizat,nedecomandat,2018
8F7D2E06-16BA-4BE6-208E-08D90338E4D9,300,47.12932,27.60609,60,56,2,1,apartament,renovat,decomandat,2016
6BB62900-4884-4F0C-2091-08D90338E4D9,330,47.12009,27.62311,60,58,2,1,apartament,nou,decomandat,2019
E469A090-9CC3-4440-2094-08D90338E4D9,330,47.12777,27.5698,60,60,3,2,apartament,renovat,semidecomandat,2016
DBAA3DE1-6D37-4682-2097-08D90338E4D9,350,47.13555,27.5898,60,58,2,1,apartament,nou,decomandat,2020
CF4DA064-BBA7-45C9-2098-08D90338E4D9,399,47.15852,27.60784,60,60,2,1,apartament,renovat,decomandat,2020
E5DBD0FC-20D2-4964-2099-08D90338E4D9,280,47.12009,27.62311,60,56,2,1,apartament,nou,decomandat,2015
D4873B46-F63F-42FD-209B-08D90338E4D9,280,47.12678,27.6035,60,56,2,1,apartament,nou,decomandat,2015
0B02F80A-3B7B-476B-20A0-08D90338E4D9,350,47.16657,27.58642,60,60,2,1,apartament,renovat,decomandat,1977
335915C4-05F6-4F81-20A3-08D90338E4D9,330,47.15815,27.60109,60,60,2,1,apartament,renovat,decomandat,2015
89E39FCB-C23A-47DA-20A5-08D90338E4D9,399,47.15523,27.59337,60,50,2,1,apartament,renovat,nedecomandat,2017
94F10CA3-3D30-402C-20A6-08D90338E4D9,399,47.16729,27.56827,60,60,3,1,apartament,renovat,semidecomandat,1980
98183DC7-3FA0-4760-20A7-08D90338E4D9,350,47.15311,27.61292,60,60,2,2,apartament,renovat,decomandat,2020
679660B9-B804-4ABF-20A8-08D90338E4D9,250,47.1666,27.57687,60,56,2,1,apartament,utilizat,decomandat,1980
34DD85D8-9846-4BF0-20AD-08D90338E4D9,350,47.15245,27.608,60,60,2,1,apartament,nou,decomandat,2019
80EA03A9-1612-41B9-20B7-08D90338E4D9,350,47.15498,27.57527,58,48,2,1,apartament,utilizat,semidecomandat,1964
9F8F94FE-851D-4478-20B9-08D90338E4D9,280,47.15708,27.62559,58,58,2,1,apartament,renovat,decomandat,2010
199A91D5-DE53-4D09-20BA-08D90338E4D9,250,47.16708,27.54724,58,58,2,1,apartament,utilizat,decomandat,1980
2600C402-96E7-4C3A-20BE-08D90338E4D9,330,47.16336,27.5937,58,58,2,1,apartament,renovat,decomandat,1990
A424D1B5-A718-4C5C-20BF-08D90338E4D9,299,47.16173,27.57581,58,58,2,1,apartament,renovat,decomandat,2018
19BDC5E9-2BD2-424D-20C7-08D90338E4D9,300,47.1366,27.58211,57,51,2,1,apartament,renovat,decomandat,1984
7177065A-F277-420F-20CA-08D90338E4D9,300,47.16021,27.5851,57,57,2,1,apartament,renovat,decomandat,1987
E2642B7E-FE9B-4FA1-20CB-08D90338E4D9,370,47.15113,27.6244,57,57,2,1,apartament,nou,decomandat,2018
99FCB660-94ED-4FB2-20DA-08D90338E4D9,290,47.17509,27.59775,56,56,2,1,apartament,renovat,semidecomandat,2019
370B1F3A-3835-4C6C-20DB-08D90338E4D9,350,47.15671,27.59068,56,56,2,1,apartament,utilizat,decomandat,1980
707FA53E-2141-4B84-20DC-08D90338E4D9,300,47.14571,27.57535,56,50,2,1,apartament,renovat,decomandat,1980
E6D640F9-6029-4F0B-20DD-08D90338E4D9,330,47.16309,27.56471,56,50,2,1,apartament,renovat,decomandat,1977
EEE98D7B-3DFC-4578-20E3-08D90338E4D9,299,47.15057,27.58961,56,50,2,1,apartament,renovat,nedecomandat,1970
18B50A9D-6443-44FD-20E4-08D90338E4D9,300,47.1624,27.6015,56,56,2,1,apartament,utilizat,decomandat,1990
E024874F-3D62-4E9E-20E6-08D90338E4D9,203,47.16697,27.54727,55,50,2,1,apartament,utilizat,decomandat,1970
49406930-7289-40EA-20E7-08D90338E4D9,350,47.13565,27.58714,55,55,2,1,apartament,renovat,decomandat,1982
C5DB321B-1B2C-43B1-20EA-08D90338E4D9,200,47.16403,27.60739,55,50,2,1,apartament,utilizat,decomandat,1988
5CFAB5CF-81C3-43BA-20F4-08D90338E4D9,330,47.16856,27.57078,55,38,1,1,apartament,nou,decomandat,1987
AFBE2B28-B8E8-40BE-20F7-08D90338E4D9,360,47.17658,27.57465,55,55,2,1,apartament,renovat,decomandat,1990
6D0AA523-B436-4F87-20F8-08D90338E4D9,300,47.16197,27.60469,55,39,1,1,apartament,nou,decomandat,2020
45BD639F-2C4F-4080-2102-08D90338E4D9,260,47.16288,27.58698,55,52,2,1,apartament,renovat,decomandat,1980
75ABCE2F-10EC-4666-2109-08D90338E4D9,300,47.16191,27.56686,55,55,3,1,apartament,renovat,nedecomandat,1971
4AAA58CC-2D60-4674-210D-08D90338E4D9,299,47.17289,27.55729,55,45,2,1,apartament,nou,nedecomandat,2018
273A1762-BE42-44F5-2111-08D90338E4D9,280,47.12119,27.56921,55,52,2,1,apartament,utilizat,decomandat,2020
74D9FBDC-04B6-4B3D-211E-08D90338E4D9,239,47.15142,27.58521,55,55,2,1,apartament,renovat,decomandat,1970
B7D5CD34-B6AF-437A-211F-08D90338E4D9,250,47.15292,27.59158,55,50,2,1,apartament,renovat,decomandat,1980
1DCDA768-4D07-469B-2120-08D90338E4D9,300,47.15864,27.60135,55,45,1,1,apartament,nou,decomandat,2020
2ACEBC3E-7413-4147-2122-08D90338E4D9,300,47.15036,27.57922,55,55,2,1,apartament,renovat,semidecomandat,1970
97B39CD5-A9E7-413A-2123-08D90338E4D9,300,47.14989,27.57896,55,55,2,1,apartament,utilizat,semidecomandat,1970
00C77D26-2B6D-4693-2125-08D90338E4D9,299,47.1494,27.58836,55,55,2,1,apartament,renovat,semidecomandat,1970
C5B95DD5-6B56-49BA-212F-08D90338E4D9,350,47.15311,27.61292,55,55,2,1,apartament,renovat,decomandat,2020
8619BD50-C7A6-446A-2135-08D90338E4D9,270,47.15815,27.60109,55,55,2,1,apartament,renovat,decomandat,1990
1C734EDC-4343-46B0-2136-08D90338E4D9,399,47.20257,27.53419,55,55,2,1,apartament,renovat,decomandat,2018
8BA64BA9-516D-48AF-2137-08D90338E4D9,350,47.15635,27.60246,55,55,2,1,apartament,renovat,decomandat,1980
A72348B9-693E-4E5F-213A-08D90338E4D9,275,47.17488,27.54537,55,55,2,1,apartament,renovat,decomandat,2018
CB5477D7-BA76-4272-213D-08D90338E4D9,249,47.1619,27.56393,55,45,2,1,apartament,utilizat,semidecomandat,1970
0A5EC20D-AB80-4F2F-2145-08D90338E4D9,399,47.15449,27.60814,54,54,2,1,apartament,renovat,decomandat,2020
1B6C6610-7504-4820-2151-08D90338E4D9,399,47.15449,27.60814,54,54,2,1,apartament,renovat,decomandat,2020
E05CEF08-FEE3-42C9-2166-08D90338E4D9,350,47.16082,27.60416,53,53,2,1,apartament,renovat,decomandat,2020
2B3F73BF-C72C-48F6-2167-08D90338E4D9,250,47.14726,27.59201,53,53,2,1,apartament,renovat,decomandat,1978
BE5BC7E5-01DC-42EC-216A-08D90338E4D9,340,47.16475,27.59128,52,43,7,1,apartament,renovat,decomandat,1980
150EA9A8-1D7B-49E6-2174-08D90338E4D9,350,47.16296,27.58239,52,49,2,1,apartament,renovat,semidecomandat,1980
0750BA30-EDB9-42EB-2175-08D90338E4D9,200,47.14112,27.58565,52,52,2,1,apartament,nou,decomandat,2015
F9230165-7D74-4ADC-2176-08D90338E4D9,250,47.17257,27.54525,52,48,2,1,apartament,renovat,decomandat,1980
F528DEDB-C004-4E04-2177-08D90338E4D9,350,47.17342,27.58917,52,52,2,1,apartament,renovat,decomandat,2019
A4A71EEE-1E70-4154-2188-08D90338E4D9,280,47.15225,27.58795,50,50,2,1,apartament,renovat,semidecomandat,1980
FED21D3F-5483-479F-2189-08D90338E4D9,280,47.15292,27.59158,50,45,2,1,apartament,renovat,decomandat,1979
C0E622DD-6E19-4E91-218D-08D90338E4D9,300,47.16082,27.58871,50,45,2,1,apartament,utilizat,decomandat,1975
905AC62D-8169-471C-218E-08D90338E4D9,300,47.17999,27.56787,50,50,2,1,apartament,renovat,decomandat,1980
592907FF-386F-4174-2190-08D90338E4D9,350,47.17543,27.55036,50,50,2,1,apartament,utilizat,decomandat,2015
64DE6929-7A7A-4CC4-2193-08D90338E4D9,300,47.18078,27.56696,50,50,2,1,apartament,renovat,decomandat,2010
50CBD0C4-A388-4FF3-2197-08D90338E4D9,350,47.15555,27.60632,50,50,2,1,apartament,renovat,decomandat,2017
0097E073-0A9E-4044-219D-08D90338E4D9,220,47.14338,27.58085,50,40,1,1,apartament,utilizat,decomandat,1989
4150937C-3E23-451F-21A9-08D90338E4D9,300,47.15292,27.59158,50,45,2,1,apartament,renovat,semidecomandat,2019
A04A692C-BE88-432E-21AA-08D90338E4D9,275,47.15292,27.59158,50,42,2,1,apartament,renovat,decomandat,1979
F79DFAD8-574C-4A37-21AB-08D90338E4D9,300,47.15292,27.59158,50,42,2,1,apartament,renovat,semidecomandat,2018
9C678BBD-AE16-4E92-21B0-08D90338E4D9,350,47.15832,27.58641,50,50,2,1,apartament,renovat,decomandat,2005
0A80DB61-93FE-4B03-21B3-08D90338E4D9,390,47.15292,27.59158,50,50,2,1,apartament,nou,decomandat,2019
D40B7045-44E0-4913-21B5-08D90338E4D9,235,47.14218,27.57463,50,46,1,1,apartament,nou,decomandat,2019
624A2F9D-3D37-48BB-21B8-08D90338E4D9,249,47.17442,27.5413,50,40,1,1,apartament,utilizat,decomandat,1987
489D8FA6-D4E9-4B05-21BD-08D90338E4D9,350,47.1666,27.58032,50,49,2,1,apartament,renovat,decomandat,1980
93CE6B41-D5B7-413F-21BF-08D90338E4D9,250,47.15292,27.59158,50,44,2,1,apartament,renovat,semidecomandat,1980
214A43D8-8E7B-426E-21C3-08D90338E4D9,360,47.16288,27.58698,50,45,2,1,apartament,renovat,decomandat,1988
EC10AB0F-59C5-4E10-21C6-08D90338E4D9,330,47.16288,27.58698,50,45,2,1,apartament,renovat,decomandat,1988
2EF3309D-799C-4730-21C7-08D90338E4D9,350,47.16615,27.58046,50,50,2,1,apartament,utilizat,semidecomandat,1970
631EDB32-9574-42A0-21C8-08D90338E4D9,300,47.16248,27.58276,50,50,2,1,apartament,renovat,semidecomandat,1977
BC58883B-1D9C-4417-21C9-08D90338E4D9,250,47.17223,27.56498,50,47,2,1,apartament,renovat,semidecomandat,1980
DF8584B6-DBFC-4A72-21CE-08D90338E4D9,399,47.15548,27.59383,50,50,2,1,apartament,renovat,semidecomandat,2020
4A115105-F996-4E30-21D1-08D90338E4D9,350,47.17216,27.59573,50,50,2,1,apartament,nou,semidecomandat,2020
E9EF1110-C7D4-4D21-21E1-08D90338E4D9,250,47.15625,27.60147,50,46,2,1,apartament,renovat,decomandat,1980
8D697E80-E05E-4672-21E3-08D90338E4D9,330,47.15332,27.61236,50,45,2,1,apartament,renovat,semidecomandat,2018
ED7BE3DF-6747-40A0-21E4-08D90338E4D9,250,47.12958,27.60569,50,50,2,1,apartament,renovat,decomandat,2016
8EFF6048-5F2F-41FC-21E6-08D90338E4D9,350,47.16012,27.60998,50,47,2,1,apartament,utilizat,decomandat,2017
94E02D5E-2550-4E0C-21E9-08D90338E4D9,370,47.18078,27.56696,50,44,2,1,apartament,nou,semidecomandat,2018
0EB1795C-61B0-4454-21ED-08D90338E4D9,249,47.14929,27.59439,50,40,2,1,apartament,utilizat,nedecomandat,1970
17E0CEF7-8099-49C7-21F2-08D90338E4D9,350,47.17997,27.5976,50,50,2,1,apartament,renovat,nedecomandat,2020
1B10674E-7DF2-41A9-21F6-08D90338E4D9,270,47.15085,27.58681,50,48,2,1,apartament,renovat,semidecomandat,1980
BDD3BF77-C9F9-49C5-21F7-08D90338E4D9,370,47.16592,27.5887,50,50,2,1,apartament,renovat,decomandat,1970
C1BCF061-6C8D-4AD3-21F9-08D90338E4D9,370,47.12009,27.62311,49,49,2,1,apartament,nou,decomandat,2019
5EC0C497-D5C8-49EE-2200-08D90338E4D9,300,47.1666,27.58032,49,47,2,1,apartament,renovat,semidecomandat,1980
A565F313-B11C-425D-2201-08D90338E4D9,230,47.13373,27.5997,49,46,2,1,apartament,nou,semidecomandat,2018
F55141B1-09D1-45B3-2202-08D90338E4D9,300,47.15292,27.59158,49,42,2,1,apartament,utilizat,decomandat,2017
A0C8A906-1A28-49DC-2203-08D90338E4D9,320,47.16515,27.59603,48,45,2,1,apartament,renovat,decomandat,2015
EFFAC4F3-03A9-4D18-2206-08D90338E4D9,300,47.1728,27.55564,48,46,2,1,apartament,nou,semidecomandat,2019
BFC65432-E4F9-4207-2210-08D90338E4D9,260,47.15292,27.59158,48,44,1,1,apartament,renovat,decomandat,1992
6CEDAD86-23A9-4D31-221C-08D90338E4D9,350,47.16738,27.56729,48,45,2,1,apartament,renovat,semidecomandat,1980
027D7787-573F-4868-221F-08D90338E4D9,230,47.12991,27.60689,48,48,1,1,apartament,renovat,decomandat,2014
2C8F700A-C100-4302-2228-08D90338E4D9,180,47.14218,27.57463,47,37,1,1,apartament,utilizat,decomandat,1980
FD274C68-CD7D-41C6-222B-08D90338E4D9,270,47.15768,27.60438,47,37,1,1,apartament,renovat,decomandat,2015
0F43FF4D-F89C-41C4-222E-08D90338E4D9,300,47.15625,27.60147,46,39,1,1,apartament,nou,decomandat,2019
D1BB3363-965D-46DF-222F-08D90338E4D9,330,47.15598,27.61596,46,46,1,1,apartament,renovat,decomandat,2020
95DC1028-6046-4566-2231-08D90338E4D9,350,47.1342,27.57282,46,46,2,1,apartament,renovat,decomandat,2021
5C7BB59C-BEBE-44F7-2232-08D90338E4D9,300,47.15245,27.60802,46,40,1,1,apartament,nou,decomandat,2020
BC89D984-B1BA-4438-223A-08D90338E4D9,399,47.17935,27.57304,46,46,2,1,apartament,renovat,nedecomandat,2019
84AD6724-C87A-4C64-223D-08D90338E4D9,264,47.12009,27.62311,46,42,1,1,apartament,nou,decomandat,2020
757399D7-8079-4BEA-2243-08D90338E4D9,280,47.1624,27.6015,45,45,2,1,apartament,nou,semidecomandat,2013
7D0DDBC7-B7B3-46CA-2248-08D90338E4D9,330,47.16738,27.56729,45,45,2,1,apartament,nou,semidecomandat,2016
BA16E0E4-11E7-49A1-224A-08D90338E4D9,300,47.17273,27.55665,45,45,2,1,apartament,nou,nedecomandat,2016
69710B77-9864-48D7-224B-08D90338E4D9,350,47.18022,27.59797,45,45,2,1,apartament,renovat,decomandat,2019
5EFB9325-E097-4E95-224D-08D90338E4D9,235,47.14146,27.57523,45,45,1,1,apartament,nou,decomandat,2019
51056F54-570F-4F8B-224E-08D90338E4D9,250,47.16296,27.58239,45,40,1,1,apartament,renovat,decomandat,1980
4FD1B4CD-F6A1-46ED-2251-08D90338E4D9,320,47.17358,27.55708,45,45,2,1,apartament,nou,decomandat,2019
F124D563-780B-4234-2252-08D90338E4D9,250,47.16288,27.58698,45,42,1,2,apartament,renovat,decomandat,1988
F784ABE9-C83D-419B-2253-08D90338E4D9,330,47.16738,27.56729,45,45,2,1,apartament,renovat,NULL,2016
86D8E574-5160-4CB6-2256-08D90338E4D9,330,47.15313,27.61277,45,43,1,1,apartament,renovat,decomandat,2019
DF48654B-3818-48B6-2258-08D90338E4D9,270,47.15625,27.60147,45,39,1,1,apartament,nou,decomandat,2020
06C25FC3-396A-4B27-225A-08D90338E4D9,300,47.16288,27.58698,45,42,1,1,apartament,renovat,decomandat,1988
74F3ED8D-E259-4EE3-225B-08D90338E4D9,330,47.15313,27.61277,45,43,1,1,apartament,renovat,decomandat,2019
BD9818CC-D40A-4841-2263-08D90338E4D9,220,47.17543,27.55036,45,45,2,1,apartament,utilizat,decomandat,1979
1D353A4B-3B78-4847-2266-08D90338E4D9,399,47.17279,27.55753,45,45,2,1,apartament,renovat,nedecomandat,2018
33139698-F80E-406B-2267-08D90338E4D9,300,47.15075,27.59023,45,40,2,1,apartament,renovat,nedecomandat,1960
28009B83-1F1F-4DC3-2268-08D90338E4D9,275,47.15787,27.60404,45,40,2,1,apartament,renovat,decomandat,1978
B6EDC25F-0CC0-43AC-2270-08D90338E4D9,280,47.12824,27.56958,45,40,1,1,apartament,nou,decomandat,2020
EAE0674E-4FF9-41AD-2271-08D90338E4D9,380,47.17299,27.55577,45,45,2,1,apartament,renovat,semidecomandat,2019
4096D8EB-AEA2-4540-2272-08D90338E4D9,299,47.15564,27.61123,45,45,1,1,apartament,renovat,decomandat,1990
407AEAF1-14C1-4256-2273-08D90338E4D9,350,47.16033,27.59011,45,45,1,1,apartament,renovat,decomandat,1990
1B5D9AF5-FC00-4987-2274-08D90338E4D9,270,47.14957,27.58733,45,45,2,1,apartament,renovat,nedecomandat,1979
C63BB5D9-A441-4E35-2275-08D90338E4D9,380,47.18012,27.59755,45,45,2,1,apartament,renovat,decomandat,2020
283C8789-3C0D-4997-2278-08D90338E4D9,249,47.17543,27.55036,45,35,1,1,apartament,utilizat,nedecomandat,1980
9A33F72A-5E65-4E52-227A-08D90338E4D9,250,47.1624,27.6015,45,45,2,1,apartament,nou,semidecomandat,2014
DDF5391B-6BE5-409F-227C-08D90338E4D9,320,47.16738,27.56729,44,42,1,1,apartament,renovat,decomandat,1988
EF7467D1-E463-4250-227E-08D90338E4D9,200,47.1728,27.55564,44,40,1,1,apartament,renovat,decomandat,1989
AD474E93-EE6B-4439-2281-08D90338E4D9,250,47.16653,27.55729,44,40,1,1,apartament,renovat,decomandat,1990
8E51A720-1885-4FD0-2286-08D90338E4D9,300,47.15625,27.60147,44,44,2,1,apartament,nou,semidecomandat,2020
20E28A42-9064-473B-2288-08D90338E4D9,320,47.15361,27.60996,44,42,1,1,apartament,renovat,decomandat,2020
D071F2E6-9985-4A0D-228A-08D90338E4D9,250,47.15292,27.59158,43,43,1,1,apartament,renovat,decomandat,1990
79BF313C-EC26-42C5-228F-08D90338E4D9,250,47.15895,27.57644,43,40,2,1,apartament,utilizat,nedecomandat,1970
0C3BD876-4954-4FD0-2290-08D90338E4D9,290,47.14612,27.58436,43,40,2,1,apartament,renovat,decomandat,1980
E7AA5D56-ECFA-4DFD-2295-08D90338E4D9,300,47.16288,27.58698,42,38,1,1,apartament,renovat,decomandat,1988
A1293F7B-8AE8-4B65-229B-08D90338E4D9,220,47.15292,27.59158,42,36,1,1,apartament,renovat,decomandat,1984
AA6F97C7-CE97-40C2-22A0-08D90338E4D9,280,47.14908,27.5869,42,42,2,1,apartament,renovat,nedecomandat,1977
27B39DDE-1F9E-4EA8-22A5-08D90338E4D9,280,47.14908,27.5869,42,42,2,1,apartament,renovat,nedecomandat,1977
937371DA-AE5D-4CE9-22A7-08D90338E4D9,350,47.15694,27.5937,42,42,2,1,apartament,renovat,nedecomandat,2017
9D818F1A-B861-4C0E-22A8-08D90338E4D9,300,47.17945,27.56814,41,41,2,1,apartament,renovat,decomandat,2019
7A9FAAC1-F5FD-42CF-22A9-08D90338E4D9,203,47.16403,27.60739,41,40,1,1,apartament,renovat,decomandat,1990
A119747C-424F-44DE-22B0-08D90338E4D9,200,47.15085,27.58681,40,40,2,1,apartament,utilizat,semidecomandat,1980
2724F259-43BC-4DA9-22B2-08D90338E4D9,220,47.12142,27.57674,40,40,1,1,apartament,renovat,decomandat,1986
29F82729-1735-42DD-22B5-08D90338E4D9,259,47.19962,27.5419,40,35,1,1,apartament,utilizat,decomandat,2019
7A3E78A8-81D8-4210-22B8-08D90338E4D9,350,47.15857,27.5935,40,40,1,1,apartament,nou,decomandat,2020
A4E8F05A-21A9-4B26-22BC-08D90338E4D9,250,47.12009,27.62311,40,40,1,1,apartament,nou,decomandat,2019
B1A63C79-A06F-44D6-22BE-08D90338E4D9,350,47.15494,27.59306,40,38,1,1,apartament,nou,decomandat,2020
076A4F4B-8BD8-4B59-22BF-08D90338E4D9,210,47.15359,27.56526,40,38,1,1,apartament,nou,decomandat,2018
F5E4BC58-CE4D-4F8C-22C7-08D90338E4D9,260,47.1623,27.61781,40,40,2,1,apartament,nou,NULL,2010
1501A749-6EA6-4E95-22C9-08D90338E4D9,190,47.14112,27.58565,40,40,1,1,apartament,utilizat,decomandat,1988
53244750-19C0-4030-22CC-08D90338E4D9,250,47.15192,27.57212,40,40,1,1,apartament,utilizat,semidecomandat,2015
A71045AE-693A-4786-22D1-08D90338E4D9,250,47.15176,27.57219,40,40,1,1,apartament,renovat,decomandat,2017
C1BDDDAA-46B1-440F-22DA-08D90338E4D9,245,47.12824,27.56958,40,40,1,1,apartament,utilizat,decomandat,1990
E6D374A5-6401-4F16-22DB-08D90338E4D9,245,47.12935,27.56907,40,37,1,1,apartament,utilizat,decomandat,1990
AC62A32D-EB75-4F14-22DC-08D90338E4D9,245,47.12824,27.56958,40,40,1,1,apartament,utilizat,decomandat,1990
F7E36F54-BF31-4D65-22E0-08D90338E4D9,260,47.1624,27.6015,40,40,2,1,apartament,nou,NULL,2010
5710D818-F992-4AFE-22E4-08D90338E4D9,250,47.15169,27.57227,40,40,1,1,apartament,utilizat,NULL,2015
531123E8-26EC-4593-22E7-08D90338E4D9,260,47.12009,27.62311,40,35,1,1,apartament,nou,decomandat,2019
1CE9D424-459E-4937-22E8-08D90338E4D9,269,47.15327,27.6054,40,35,1,1,apartament,utilizat,decomandat,2019
BC04027A-86E5-49DA-22EB-08D90338E4D9,230,47.16267,27.56408,40,40,1,1,apartament,utilizat,decomandat,1988
1ADD9AD2-7B49-4C09-22EC-08D90338E4D9,250,47.15195,27.57208,40,40,1,1,apartament,renovat,decomandat,2015
5355B545-CFB4-46B5-22ED-08D90338E4D9,330,47.16827,27.57048,40,40,1,1,apartament,renovat,decomandat,1987
982BF0CF-A0DD-4B0B-22F1-08D90338E4D9,230,47.15292,27.59158,40,35,1,1,apartament,renovat,decomandat,2018
BA0141E1-836F-4854-22F2-08D90338E4D9,250,47.17543,27.55036,40,40,1,1,apartament,renovat,decomandat,1989
3BA7C0BD-90AF-44B8-22F3-08D90338E4D9,230,47.13444,27.57278,40,40,1,1,apartament,renovat,decomandat,1986
D5089D86-F89C-469B-22F4-08D90338E4D9,350,47.16173,27.62057,40,40,2,1,apartament,renovat,semidecomandat,2010
8A42E7CB-6FEB-4F54-22F5-08D90338E4D9,250,47.15169,27.57212,40,40,1,1,apartament,renovat,NULL,2015
F8F0B3DB-1347-49F0-22F6-08D90338E4D9,300,47.15625,27.60147,40,37,1,1,apartament,nou,decomandat,2019
8B81D29C-9F1B-42A0-22F9-08D90338E4D9,320,47.15335,27.61219,40,40,2,1,apartament,renovat,nedecomandat,2018
53E2E4B3-51B8-44DE-22FB-08D90338E4D9,350,47.16173,27.62057,40,40,2,1,apartament,renovat,semidecomandat,2010
FE32695C-EB1F-4423-22FC-08D90338E4D9,270,47.13448,27.57267,40,40,1,1,apartament,renovat,decomandat,1990
345E725B-F6C2-446A-22FF-08D90338E4D9,230,47.13021,27.60648,40,40,1,1,apartament,renovat,decomandat,2018
44232775-E152-47A6-2300-08D90338E4D9,203,47.14674,27.55407,40,35,1,1,apartament,utilizat,decomandat,2016
FFCD4404-E1B5-4BFE-2306-08D90338E4D9,200,47.14112,27.58565,40,34,1,1,apartament,nou,decomandat,2015
B628B921-10E3-4D0F-230B-08D90338E4D9,190,47.14112,27.58565,40,40,1,1,apartament,utilizat,decomandat,1988
E209993B-9E81-41DE-230C-08D90338E4D9,280,47.15292,27.59158,40,40,1,1,apartament,renovat,decomandat,1989
30F2DBFE-4317-41F9-230D-08D90338E4D9,300,47.1624,27.6015,40,40,1,1,apartament,renovat,decomandat,1985
067887DB-8309-494D-230E-08D90338E4D9,210,47.15292,27.59158,40,40,1,1,apartament,utilizat,decomandat,1990
D82CFEF6-82C2-4500-230F-08D90338E4D9,250,47.16382,27.61525,40,40,3,1,apartament,renovat,nedecomandat,1980
7FB07AED-0222-45B8-2311-08D90338E4D9,350,47.15486,27.59179,40,40,2,1,apartament,renovat,semidecomandat,2017
CCE1F443-7630-4916-2313-08D90338E4D9,350,47.15641,27.595,40,40,2,1,apartament,renovat,nedecomandat,2017
1E93D8DB-27E5-4EC7-2315-08D90338E4D9,200,47.15085,27.58681,40,40,2,1,apartament,utilizat,nedecomandat,1980
B619CDC8-64FA-48C4-2321-08D90338E4D9,350,47.15494,27.59306,38,35,1,1,apartament,nou,decomandat,2020
5C6156BB-F6A4-456A-2325-08D90338E4D9,270,47.15797,27.61658,38,38,2,1,apartament,renovat,decomandat,1975
0C787887-20A9-4B11-2326-08D90338E4D9,250,47.12119,27.56921,38,38,2,1,apartament,nou,decomandat,2020
1BAED327-8C5D-41B2-2328-08D90338E4D9,270,47.15557,27.61787,38,35,1,1,apartament,nou,decomandat,1980
33776400-F1DA-4C94-2329-08D90338E4D9,250,47.12683,27.61866,38,38,1,1,apartament,nou,decomandat,2020
BF77F01F-3AC6-4DCB-232B-08D90338E4D9,220,47.12119,27.56921,38,38,2,1,apartament,nou,decomandat,2019
DC8E02D9-5566-46B9-232F-08D90338E4D9,210,47.14218,27.57463,38,35,1,1,apartament,utilizat,decomandat,1988
D6BF3153-182A-4A2C-2334-08D90338E4D9,280,47.1666,27.58032,37,35,1,1,apartament,renovat,decomandat,1980
4EFD1D98-CCD3-4CFB-233A-08D90338E4D9,290,47.15441,27.60479,36,36,1,1,apartament,renovat,decomandat,2015
F909B666-3C3B-496C-233B-08D90338E4D9,190,47.15085,27.58681,36,36,1,1,apartament,utilizat,semidecomandat,1980
3F90BF97-ED69-4ECE-2344-08D90338E4D9,300,47.16288,27.58698,35,30,1,1,apartament,nou,semidecomandat,2016
A69FA60C-F23C-4604-234E-08D90338E4D9,230,47.16738,27.56729,35,33,1,1,apartament,renovat,decomandat,1980
92DFA9E9-49DB-4E68-2352-08D90338E4D9,320,47.15162,27.57849,35,35,1,1,apartament,renovat,decomandat,2020
B695D502-AF6D-4E54-2355-08D90338E4D9,280,47.15292,27.59158,35,35,1,1,apartament,nou,decomandat,2019
86DA62A7-F226-49E7-235C-08D90338E4D9,300,47.15022,27.58801,35,35,2,1,apartament,renovat,semidecomandat,1970
F0D8057F-3B6C-43FF-2360-08D90338E4D9,230,47.16738,27.56729,35,30,1,1,apartament,renovat,decomandat,1980
92949FDA-53D1-46E6-2363-08D90338E4D9,170,47.16349,27.55687,35,30,1,1,apartament,utilizat,NULL,1980
5CC19C1F-E5D2-4169-2365-08D90338E4D9,270,47.14479,27.57567,35,35,1,1,apartament,renovat,semidecomandat,2020
A55E94B9-AD83-4822-2366-08D90338E4D9,270,47.16507,27.58212,35,35,1,1,apartament,nou,semidecomandat,2018
B8AF16B3-B4A6-4504-2369-08D90338E4D9,180,47.16288,27.58698,35,20,1,1,apartament,renovat,decomandat,1999
218E53B0-D6AA-48B0-236E-08D90338E4D9,270,47.12932,27.60609,35,31,2,1,apartament,in constructie,decomandat,2021
7ED4486A-2A25-4C7A-2370-08D90338E4D9,200,47.14218,27.57463,35,33,1,1,apartament,utilizat,decomandat,1977
AADC9F76-6F35-418D-2378-08D90338E4D9,200,47.14864,27.62095,34,27,1,1,apartament,nou,decomandat,2018
EA605D3A-8CE4-4F77-2384-08D90338E4D9,230,47.17475,27.5452,33,33,1,1,apartament,renovat,decomandat,2015
49F16507-9470-4624-2388-08D90338E4D9,200,47.15085,27.58681,32,32,1,1,apartament,utilizat,semidecomandat,1980
74866589-31E4-4667-2389-08D90338E4D9,275,47.16581,27.5712,32,30,1,1,apartament,renovat,nedecomandat,1975
BF8E77CB-A04C-4978-238A-08D90338E4D9,182,47.15292,27.59158,32,32,1,1,apartament,utilizat,decomandat,1999
7152DED6-FFB2-4F91-238B-08D90338E4D9,200,47.15292,27.59158,32,32,1,1,apartament,utilizat,decomandat,1980
560B48CC-16B4-4A88-238C-08D90338E4D9,220,47.16022,27.57026,32,32,1,1,apartament,utilizat,decomandat,1976
55B588BB-3BBE-4F7A-2390-08D90338E4D9,300,47.16288,27.58698,32,30,1,1,apartament,nou,semidecomandat,2018
FD9E6A51-5A96-45F8-2393-08D90338E4D9,180,47.15085,27.58681,32,28,1,1,apartament,renovat,decomandat,1975
49161EB9-ACAB-4ADB-2394-08D90338E4D9,220,47.15616,27.57584,31,31,1,1,apartament,renovat,nedecomandat,1978
A0F1D6DB-B22C-41AE-2398-08D90338E4D9,250,47.16592,27.57914,30,25,1,1,apartament,nou,decomandat,2018
EDEA5A70-EAE2-499A-239D-08D90338E4D9,250,47.15557,27.61787,30,30,1,1,apartament,utilizat,nedecomandat,2018
8FD487D7-FB03-412B-239E-08D90338E4D9,300,47.18078,27.56696,30,28,1,1,apartament,nou,semidecomandat,2018
7963EBCA-17BF-4F88-23A0-08D90338E4D9,200,47.15539,27.62422,30,30,1,1,apartament,nou,nedecomandat,2016
AE33C5DD-D3CC-40B9-23A1-08D90338E4D9,250,47.16623,27.57127,30,30,1,1,apartament,renovat,semidecomandat,1990
51496AF8-8EB5-432B-23A7-08D90338E4D9,200,47.15292,27.59158,30,30,1,1,apartament,utilizat,decomandat,2000
9DC491D5-B42B-4020-23AB-08D90338E4D9,300,47.15449,27.59149,30,30,1,1,apartament,renovat,decomandat,2016
3E9AAFE1-F3A1-4AF2-23AC-08D90338E4D9,300,47.15556,27.59526,30,30,1,1,apartament,renovat,decomandat,2007
27E57315-8BF4-4B5A-23AD-08D90338E4D9,330,47.16288,27.58698,30,27,1,1,apartament,nou,semidecomandat,2018
309AC186-BDAC-4816-23AE-08D90338E4D9,340,47.1666,27.58032,30,25,1,1,apartament,nou,semidecomandat,2015
64473B56-9991-4EE3-23B0-08D90338E4D9,180,47.15292,27.59158,30,30,1,1,apartament,utilizat,decomandat,1990
203EB63F-7656-4ACF-23B3-08D90338E4D9,350,47.16703,27.58428,30,27,1,1,apartament,nou,semidecomandat,2010
F91A1EF5-D7ED-46D7-23BD-08D90338E4D9,150,47.15292,27.59158,30,30,2,2,apartament,utilizat,semidecomandat,1990
6B409B2A-89EB-4869-23BF-08D90338E4D9,230,47.15695,27.61866,30,30,2,1,apartament,renovat,nedecomandat,1970
0C499185-D866-4717-23C4-08D90338E4D9,148,47.15085,27.58681,29,25,1,1,apartament,utilizat,decomandat,2010
8CEF1BA2-0F8C-4687-23CA-08D90338E4D9,250,47.16484,27.58061,28,28,1,1,apartament,utilizat,decomandat,1960
804C76A2-D93D-44EA-23CB-08D90338E4D9,220,47.15292,27.59158,28,28,1,1,apartament,utilizat,semidecomandat,1977
274F1814-94FD-4556-23CC-08D90338E4D9,170,47.14218,27.57463,28,24,1,1,apartament,renovat,semidecomandat,1980
E8998640-1FF2-4E6C-23CE-08D90338E4D9,250,47.16288,27.58698,27,25,1,1,apartament,renovat,semidecomandat,2010
EAF12BEF-4643-4386-23CF-08D90338E4D9,200,47.14864,27.62095,27,22,1,1,apartament,nou,decomandat,2018
3BF18B6B-0E91-4037-23D0-08D90338E4D9,200,47.14864,27.62095,27,22,1,1,apartament,nou,decomandat,2018
4861EC23-C726-4352-23D1-08D90338E4D9,200,47.15557,27.61787,27,22,1,1,apartament,nou,decomandat,2018
D3617460-E6C7-4BD0-23D2-08D90338E4D9,200,47.14864,27.62095,27,22,1,1,apartament,nou,decomandat,2018
305051C5-5CE7-49B9-23D5-08D90338E4D9,193,47.15085,27.58681,27,22,1,1,apartament,nou,decomandat,2018
7ACAEF83-36B2-4FB4-23D6-08D90338E4D9,200,47.14864,27.62095,27,22,1,1,apartament,nou,decomandat,2018
95ADAC3F-11B4-4A56-23D7-08D90338E4D9,200,47.16288,27.58698,27,25,1,1,apartament,renovat,decomandat,1980
383544A4-5552-4917-23D8-08D90338E4D9,200,47.14864,27.62095,27,22,1,1,apartament,nou,NULL,2018
C369476B-2BBF-44B8-23D9-08D90338E4D9,200,47.15085,27.58681,27,22,1,1,apartament,nou,decomandat,2018
339FEC2F-BBE1-4594-23DD-08D90338E4D9,200,47.14864,27.62095,27,22,1,1,apartament,nou,decomandat,2018
7695A517-4E03-43C5-23DE-08D90338E4D9,170,47.16153,27.56153,27,27,1,1,apartament,utilizat,nedecomandat,1970
5F97B864-B411-400D-23DF-08D90338E4D9,183,47.15085,27.58681,27,22,1,1,apartament,nou,decomandat,2018
3156A7F0-C904-4317-23E0-08D90338E4D9,200,47.14864,27.62095,27,22,1,1,apartament,nou,decomandat,2018
F496EB52-AF60-4E6D-23E8-08D90338E4D9,215,47.15292,27.59158,26,26,2,1,apartament,utilizat,decomandat,1977
B157C54D-CFCE-40C6-23EB-08D90338E4D9,203,47.18078,27.56696,25,24,1,1,apartament,renovat,decomandat,1980
3AE63A19-EA12-424C-23EC-08D90338E4D9,200,47.18078,27.56696,25,20,1,1,apartament,nou,decomandat,2017
C8AF555A-D519-40B2-23F1-08D90338E4D9,200,47.15292,27.59158,25,25,1,1,apartament,utilizat,decomandat,1999
D124B290-1938-4A3B-23F7-08D90338E4D9,185,47.15292,27.59158,25,25,1,1,apartament,utilizat,semidecomandat,1990
4FEF3801-44BC-4026-23F8-08D90338E4D9,290,47.16022,27.59005,25,24,1,1,apartament,utilizat,decomandat,1980
7A4A97E3-CACC-482C-23FA-08D90338E4D9,162,47.15292,27.59158,25,25,1,1,apartament,utilizat,decomandat,1990
E0F7B8EC-6249-4BCD-23FF-08D90338E4D9,170,47.15292,27.59158,24,24,1,1,apartament,utilizat,decomandat,2000
814BE280-56DD-49E6-2407-08D90338E4D9,150,47.16267,27.56408,24,24,1,1,apartament,utilizat,semidecomandat,1980
5A60A9AC-F535-429A-2408-08D90338E4D9,150,47.14586,27.59396,24,21,1,1,apartament,utilizat,semidecomandat,2010
5AD9B825-DB58-4E6C-240A-08D90338E4D9,199,47.15292,27.59158,23,23,1,1,apartament,nou,decomandat,1990
36254A6D-BE4F-4EA9-2412-08D90338E4D9,180,47.15292,27.59158,22,18,1,1,apartament,renovat,semidecomandat,2019
D16C273F-3CA6-4E4A-2413-08D90338E4D9,245,47.1562,27.58921,22,22,1,1,apartament,nou,NULL,2000
E350C274-3171-4D68-2414-08D90338E4D9,200,47.15292,27.59158,22,22,1,1,apartament,renovat,NULL,1990
89DE2EA2-7054-4AE2-2415-08D90338E4D9,200,47.15292,27.59158,22,22,1,1,apartament,renovat,NULL,1990
B4BE0A10-E52E-4008-2416-08D90338E4D9,200,47.15292,27.59158,22,22,1,1,apartament,utilizat,decomandat,1990
977170F1-CF2D-4FAD-2417-08D90338E4D9,220,47.15292,27.59158,22,22,1,1,apartament,nou,decomandat,2019
2116220D-4D71-484D-2419-08D90338E4D9,180,47.15292,27.59158,22,18,1,1,apartament,renovat,decomandat,2019
A9B50416-1688-49FB-2421-08D90338E4D9,183,47.13478,27.58636,21,17,1,1,apartament,nou,semidecomandat,20120
8433623D-C28D-4409-2423-08D90338E4D9,250,47.16134,27.58963,20,20,1,1,apartament,utilizat,nedecomandat,2010
80E4E1F6-7350-44B4-242B-08D90338E4D9,183,47.13478,27.58636,20,17,1,1,apartament,nou,decomandat,2017
401B9875-6D7A-46F4-2432-08D90338E4D9,125,47.16707,27.57435,18,18,1,1,apartament,renovat,decomandat,1984
CE6CBB20-BD6B-4659-243C-08D90338E4D9,160,47.15557,27.61787,15,15,1,1,apartament,renovat,NULL,1980
888FD384-2FFA-48E8-2440-08D90338E4D9,160,47.15557,27.61787,15,15,1,1,apartament,renovat,decomandat,1980
