Id,Latitude,Longitude,City_label
D764B9C2-A4C0-481A-4F31-08D9243EA812,47.1710739135742,27.5878009796143,"Iasi (judet), Iasi"
20D0A14F-48DD-4CC7-4F36-08D9243EA812,47.1807823181152,27.5669631958008,"Iasi (judet), Copou"
380A0BA6-8539-4AE1-4F37-08D9243EA812,47.1647796630859,27.5624942779541,"Iasi (judet), Iasi"
1D4C1B7F-7ADE-43A4-4F38-08D9243EA812,47.1807823181152,27.5669631958008,"Iasi (judet), Copou"
6389CB39-2C9C-4E90-4F3A-08D9243EA812,47.1628837585449,27.5869789123535,"Iasi (judet), Centru"
DF071A14-A9F5-4229-4F3F-08D9243EA812,47.1628837585449,27.5869789123535,"Iasi (judet), Centru"
6D83CCB6-2D53-4E23-4F40-08D9243EA812,47.1427993774414,27.578800201416,"Iasi (judet), Strada Petre Tutea"
B18B30F6-23B9-431A-4F41-08D9243EA812,47.1390342712402,27.5821838378906,"Iasi (judet), Iasi"
EF8DC42B-6F1C-461B-4F43-08D9243EA812,47.1807823181152,27.5669631958008,"Iasi (judet), Copou"
0CAE1ADF-8099-4549-4F44-08D9243EA812,47.1602401733398,27.5892105102539,"Iasi (judet), Strada Anastasie Panu"
50B08F0B-3F37-4832-4F45-08D9243EA812,47.1656723022461,27.5928440093994,"Iasi (judet), Strada Cucu"
D1DA6C24-3296-4434-4F47-08D9243EA812,47.162956237793,27.582389831543,"Iasi (judet), Bulevardul Stefan cel Mare si Sfant"
91BEA138-0DD7-499E-4F48-08D9243EA812,47.1628837585449,27.5869789123535,"Iasi (judet), Centru"
2B0F654A-702D-431D-4F49-08D9243EA812,47.1606025695801,27.5928230285645,"Iasi (judet), Iasi"
DB00208F-C057-4BFE-4F4A-08D9243EA812,47.1673774719238,27.567289352417,"Iasi (judet), Gara"
42B19873-BEA2-4622-4F4B-08D9243EA812,47.1670341491699,27.5842800140381,"Iasi (judet), Bulevardul Independentei"
D1312263-5699-448B-4F4D-08D9243EA812,47.1621704101563,27.5632266998291,"Iasi (judet), Alexandru cel Bun"
D5875FF5-2C3B-4A5C-4F4E-08D9243EA812,47.1658706665039,27.5892105102539,"Iasi (judet), Bulevardul Independentei"
160BC07F-372B-4247-4F53-08D9243EA812,47.1599769592285,27.5919094085693,"Iasi (judet), Iasi"
C04958DA-E9B8-4B5B-4F54-08D9243EA812,47.1721649169922,27.5957336425781,"Iasi (judet), Moara de Vant"
B77D6ACC-F6F1-4D3C-4F55-08D9243EA812,47.133228302002,27.5709648132324,"Iasi (judet), CUG"
AA0DCB6E-7D7C-4FCB-4F56-08D9243EA812,47.1626739501953,27.5640811920166,"Iasi (judet), Alexandru cel Bun"
41702BCB-519B-4F33-4F57-08D9243EA812,47.1211891174316,27.569206237793,"Iasi (judet), CUG"
1235F793-DCCE-4687-4F58-08D9243EA812,47.1640281677246,27.6073894500732,"Iasi (judet), Tatarasi Nord"
AEFE4F49-B11D-4D28-4F59-08D9243EA812,47.172794342041,27.5482788085938,"Iasi (judet), Canta"
E9A252E1-B15D-4A7E-4F5A-08D9243EA812,47.167179107666,27.574369430542,"Iasi (judet), Strada Arcu"
8EFB3192-64E0-4C3D-4F5B-08D9243EA812,47.1421775817871,27.5746269226074,"Iasi (judet), Nicolina 1"
D8BD7B21-5F5D-4926-4F5C-08D9243EA812,47.1665954589844,27.5803203582764,"Iasi (judet), Centru"
5D2EB670-533A-47DD-4F5E-08D9243EA812,47.1626739501953,27.5640811920166,"Iasi (judet), Alexandru cel Bun"
C978727E-EF1D-44AF-4F5F-08D9243EA812,47.1621704101563,27.5632266998291,"Iasi (judet), Alexandru cel Bun"
BBC91C42-926C-4E08-4F60-08D9243EA812,47.158519744873,27.5860595703125,"Iasi (judet), Bulevardul Stefan cel Mare si Sfant"
1212A58D-0D93-408F-4F63-08D9243EA812,47.1658592224121,27.5720100402832,"Iasi (judet), Gara"
2320EF03-2C38-49C5-4F64-08D9243EA812,47.1618156433105,27.5777626037598,"Iasi (judet), Uzinei"
7B5DA0C3-395E-48CA-4F65-08D9243EA812,47.1601333618164,27.6088085174561,"Iasi (judet), Strada Vasile Lupu"
21F4F157-A7D5-40B7-4F67-08D9243EA812,47.1628837585449,27.5869789123535,"Iasi (judet), Centru"
19A6CF15-0CA5-42F1-4F6B-08D9243EA812,47.1602058410645,27.5851020812988,"Iasi (judet), Strada Costache Negri"
934566A2-AE15-4E45-4F6C-08D9243EA812,47.1211891174316,27.569206237793,"Iasi (judet), CUG"
CB8A0612-F691-441F-4F6E-08D9243EA812,47.1720390319824,27.5739631652832,"Iasi (judet), Bulevardul Carol I"
7A68F764-1CEC-4072-4F6F-08D9243EA812,47.1722679138184,27.5736598968506,"Iasi (judet), Copou"
3B7AF4D7-E639-4D65-4F70-08D9243EA812,47.1626739501953,27.5640811920166,"Iasi (judet), Alexandru cel Bun"
13C1B498-988A-4DFD-4F73-08D9243EA812,47.1670341491699,27.5842800140381,"Iasi (judet), Bulevardul Independentei"
CBE2B697-B689-47DB-4F76-08D9243EA812,47.1665954589844,27.5803203582764,"Iasi (judet), Centru"
1D265DCC-8626-458C-4F77-08D9243EA812,47.1211891174316,27.569206237793,"Iasi (judet), CUG"
39739A6E-C2F7-4EF0-4F78-08D9243EA812,47.1604385375977,27.5869216918945,"Iasi (judet), Iasi"
180F15B9-2345-493D-4F79-08D9243EA812,47.1661987304688,27.5713005065918,"Iasi (judet), Strada Garii"
6826086B-74EF-4343-4F7B-08D9243EA812,47.175350189209,27.5430431365967,"Iasi (judet), Pacurari"
7AAC9EC0-02B8-4214-4F7C-08D9243EA812,47.1626739501953,27.5640811920166,"Iasi (judet), Alexandru cel Bun"
1DAF53EC-9650-40D3-4F7D-08D9243EA812,47.1628837585449,27.5869789123535,"Iasi (judet), Centru"
45616EF2-72A5-43EE-4F7E-08D9243EA812,47.1628837585449,27.5869789123535,"Iasi (judet), Centru"
227E22E2-06B2-480C-4F7F-08D9243EA812,47.1665954589844,27.5803203582764,"Iasi (judet), Piata Unirii"
E1B72B13-CE7D-4B1A-4F80-08D9243EA812,47.151927947998,27.5886650085449,"Iasi (judet), Iasi"
5DA6BD4A-9689-4D3E-4F82-08D9243EA812,47.1602210998535,27.5900535583496,"Iasi (judet), Centru"
BE3553EE-C675-453D-4F83-08D9243EA812,47.1411209106445,27.5856513977051,"Iasi (judet), Nicolina 2"
12D7ACAC-7676-4494-4F84-08D9243EA812,47.1601791381836,27.5895805358887,"Iasi (judet), Strada Anastasie Panu"
7A54A51D-AFF5-43B9-4F85-08D9243EA812,47.1563987731934,27.5696563720703,"Iasi (judet), Mircea cel Batran"
693E953A-5F15-47FA-4F86-08D9243EA812,47.1193389892578,27.6288928985596,"Iasi (judet), Iasi"
618D6131-6244-4AFF-4F89-08D9243EA812,47.1694183349609,27.5701217651367,"Iasi (judet), Gara"
FE8EB0A3-F39B-4A3A-4F8A-08D9243EA812,47.1661987304688,27.5739040374756,"Iasi (judet), Iasi"
672403AC-9851-4D90-4F91-08D9243EA812,47.1555671691895,27.6178684234619,"Iasi (judet), Tatarasi Sud"
44781C2F-8C42-41B4-4F92-08D9243EA812,47.1665954589844,27.5803203582764,"Iasi (judet), Piata Unirii"
267F6E27-F543-4700-4F93-08D9243EA812,47.1522407531738,27.5760593414307,"Iasi (judet), Iasi"
DD0C2D4D-1FFF-412F-4F94-08D9243EA812,47.1427993774414,27.578800201416,"Iasi (judet), Strada Petre Tutea"
612409F0-0A49-4CAF-4F95-08D9243EA812,47.1505699157715,27.5868530273438,"Iasi (judet), Iasi"
29F67AB2-1D46-4A67-4F96-08D9243EA812,47.1698303222656,27.5678863525391,"Iasi (judet), Soseaua Arcu"
0C48012F-9E30-48E6-4F97-08D9243EA812,47.1585350036621,27.6014156341553,"Iasi (judet), Iasi"
0FE89462-418C-4D70-4F9A-08D9243EA812,47.1427993774414,27.578800201416,"Iasi (judet), Strada Petre Tutea"
7D37722C-0199-4C88-4F9B-08D9243EA812,47.1665954589844,27.5803203582764,"Iasi (judet), Piata Unirii"
43C6202E-9165-45E7-4F9C-08D9243EA812,47.1427993774414,27.578800201416,"Iasi (judet), Strada Petre Tutea"
8A0D866E-54BB-4C6F-4F9D-08D9243EA812,47.1510391235352,27.587438583374,"Iasi (judet), Iasi"
BFA8CC35-1F8F-48CD-4F9E-08D9243EA812,47.1670341491699,27.5842800140381,"Iasi (judet), Centru"
5CD476FD-C815-43DA-4F9F-08D9243EA812,47.1684265136719,27.545015335083,"Iasi (judet), Strada Profesor Simionescu I."
A8BED540-2C19-416D-4FA0-08D9243EA812,47.1208000183105,27.6261005401611,"Iasi (judet), Soseaua Bucium"
DFD286A3-096C-4ECF-4FA2-08D9243EA812,47.1673774719238,27.567289352417,"Iasi (judet), Gara"
11E803D9-327F-4366-4FA5-08D9243EA812,47.1754302978516,27.5503559112549,"Iasi (judet), Pacurari"
0DC44F33-9D8F-497C-4FA6-08D9243EA812,47.1450004577637,27.5979995727539,"Iasi (judet), Iasi"
56F76212-EAB6-461E-4FA8-08D9243EA812,47.1628837585449,27.5869789123535,"Iasi (judet), Centru"
39480B46-0A3F-4349-4FAB-08D9243EA812,47.1411209106445,27.5856513977051,"Iasi (judet), Nicolina 2"
E54D8101-7399-4F76-4FAD-08D9243EA812,47.1211891174316,27.569206237793,"Iasi (judet), CUG"
C62A2A2E-60D4-4404-4FAE-08D9243EA812,47.1627731323242,27.5891532897949,"Iasi (judet), Strada Armeana"
738CF5A3-673E-4714-4FAF-08D9243EA812,47.172794342041,27.5482788085938,"Iasi (judet), Canta"
A11D15C3-043E-4C9A-4FB1-08D9243EA812,47.1517524719238,27.5977878570557,"Iasi (judet), Tesatura"
D1825732-1AC9-4DCB-4FB3-08D9243EA812,47.1689186096191,27.5484008789063,"Iasi (judet), Dacia"
80D48CD2-3DB2-440C-4FB5-08D9243EA812,47.1746406555176,27.5490684509277,"Iasi (judet), Pacurari"
8848651B-4CBD-4BF0-4FB8-08D9243EA812,47.165699005127,27.5799999237061,"Iasi (judet), Piata Unirii"
7CCD685C-B74B-4823-4FB9-08D9243EA812,47.1603775024414,27.5905685424805,"Iasi (judet), Strada Anastasie Panu"
FDD4B961-41E8-447C-4FBA-08D9243EA812,47.1523132324219,27.6349716186523,"Iasi (judet), Strada Aurel Vlaicu"
AED8CBFA-95A4-44D7-4FBC-08D9243EA812,47.1345367431641,27.5728549957275,"Iasi (judet), Soseaua Nicolina"
130650B0-658D-4B5A-4FBD-08D9243EA812,47.1628837585449,27.5869789123535,"Iasi (judet), Centru"
30698629-798E-4C9F-4FBE-08D9243EA812,47.1626739501953,27.5640811920166,"Iasi (judet), Alexandru cel Bun"
11F68FE7-82C5-4AF1-4FC0-08D9243EA812,47.165699005127,27.5799999237061,"Iasi (judet), Piata Unirii"
798BD379-76AB-4DA8-4FC3-08D9243EA812,47.1853408813477,27.5660400390625,"Iasi (judet), Bulevardul Carol I"
54E10F1B-CCBF-471B-4FC4-08D9243EA812,47.2027587890625,27.5345821380615,"Iasi (judet), Copou"
897F0E49-6248-4576-4FC6-08D9243EA812,47.1580390930176,27.6006507873535,"Iasi (judet), Strada Smardan"
5B74F0FA-973B-46FB-4FC8-08D9243EA812,47.1791000366211,27.5687007904053,"Iasi (judet), Bulevardul Carol I"
7D481C9A-419D-4049-4FC9-08D9243EA812,47.1562271118164,27.5905265808105,"Iasi (judet), Strada Sfantul Lazar"
B9E44EA8-7195-4200-4FCA-08D9243EA812,47.1791000366211,27.5687007904053,"Iasi (judet), Bulevardul Carol I"
3067B3A6-8CBD-4010-4FCB-08D9243EA812,47.133228302002,27.5709648132324,"Iasi (judet), CUG"
F9D7D578-93CE-4618-4FCE-08D9243EA812,47.184700012207,27.5662117004395,"Iasi (judet), Bulevardul Carol I"
6A87D4AC-3A55-4C8C-4FCF-08D9243EA812,47.1491012573242,27.5680999755859,"Iasi (judet), Soseaua Galata"
BC048D12-4615-4591-4FD0-08D9243EA812,47.1427993774414,27.578800201416,"Iasi (judet), Strada Petre Tutea"
677F2937-766C-4783-4FD1-08D9243EA812,47.1367797851563,27.5825595855713,"Iasi (judet), Iasi"
5F0AA414-1524-4163-4FD2-08D9243EA812,47.1533508300781,27.5852813720703,"Iasi (judet), Podu Ros"
94216167-0EF4-40B1-4FD4-08D9243EA812,47.1675605773926,27.5819892883301,"Iasi (judet), Bulevardul Independentei"
BB4B43EB-7CAB-40DE-4FD5-08D9243EA812,47.1640434265137,27.6069450378418,"Iasi (judet), Tatarasi Nord"
261AE625-EC1D-44F7-4FD6-08D9243EA812,47.1862754821777,27.5663833618164,"Iasi (judet), Bulevardul Carol I"
7CE1C6BB-EE9A-4747-4FD7-08D9243EA812,47.1791000366211,27.5687007904053,"Iasi (judet), Bulevardul Carol I"
CFB896FA-069A-4B6F-4FD8-08D9243EA812,47.1352996826172,27.5787982940674,"Iasi (judet), Iasi"
1B3B893B-63C2-4350-4FD9-08D9243EA812,47.1807823181152,27.5669631958008,"Iasi (judet), Copou"
96BD493E-BED5-4FEA-4FDA-08D9243EA812,47.1791000366211,27.5687007904053,"Iasi (judet), Bulevardul Carol I"
11F717AB-4331-4599-4FDB-08D9243EA812,47.1701583862305,27.5773620605469,"Iasi (judet), Centru"
3ACB98FF-BAB3-4AF8-4FDF-08D9243EA812,47.1386528015137,27.6097736358643,"Iasi (judet), Iasi"
0C46CF9D-90F9-474F-4FE0-08D9243EA812,47.1670341491699,27.5842800140381,"Iasi (judet), Centru"
DDCFEFFE-C0F2-4AD6-4FE1-08D9243EA812,47.1628837585449,27.5869789123535,"Iasi (judet), Centru"
CBEF7DA8-8658-4AC5-4FE2-08D9243EA812,47.1655158996582,27.592378616333,"Iasi (judet), Iasi"
B1548D1F-627A-4F87-4FE3-08D9243EA812,47.1295013427734,27.569299697876,"Iasi (judet), Soseaua Nicolina"
42683797-A69C-46C7-4FE5-08D9243EA812,47.1200866699219,27.6231136322021,"Iasi (judet), Bucium"
7A90CA1D-D2DC-4B5B-4FE6-08D9243EA812,47.166088104248,27.5975608825684,"Iasi (judet), Strada Eternitate"
F7F9CF49-2B9B-4320-4FE9-08D9243EA812,47.1663208007813,27.5979804992676,"Iasi (judet), Strada Eternitate"
F1C0DC25-AF2C-46AB-4FEA-08D9243EA812,47.1727981567383,27.5556392669678,"Iasi (judet), Canta"
DCE2C29C-6291-452B-4FEC-08D9243EA812,47.1194686889648,27.6284408569336,"Iasi (judet), Strada X"
0485AB91-93E3-469E-4FED-08D9243EA812,47.126350402832,27.6176109313965,"Iasi (judet), Soseaua Bucium"
585EB8B0-E970-420C-4FEF-08D9243EA812,47.2004508972168,27.5407161712646,"Iasi (judet), Strada Baltagului"
C36C8B87-8D59-4691-4FF1-08D9243EA812,47.2004508972168,27.5407161712646,"Iasi (judet), Strada Baltagului"
4D9DC273-1C8A-44E1-4FF2-08D9243EA812,47.2004508972168,27.5407161712646,"Iasi (judet), Strada Baltagului"
4B9507D0-97B1-49FC-4FF3-08D9243EA812,47.1608543395996,27.5774593353271,"Iasi (judet), Uzinei"
71EDCE71-98A0-42C5-4FF4-08D9243EA812,47.1211891174316,27.569206237793,"Iasi (judet), CUG"
2AAFDFA1-979F-4A3B-4FF7-08D9243EA812,47.1790084838867,27.4908981323242,"Iasi (judet), Iasi"
243B4663-2CAE-4867-4FF8-08D9243EA812,47.1721649169922,27.5957336425781,"Iasi (judet), Moara de Vant"
2549CBA0-FD2D-4CB2-4FF9-08D9243EA812,47.1791000366211,27.5687007904053,"Iasi (judet), Bulevardul Carol I"
742B8E52-33E6-4B43-4FFB-08D9243EA812,47.1791000366211,27.5687007904053,"Iasi (judet), Bulevardul Carol I"
6A421E36-88EF-4C94-4FFE-08D9243EA812,47.1961212158203,27.5518493652344,"Iasi (judet), Agronomie"
A8AF7198-2A3B-448B-5001-08D9243EA812,47.1561012268066,27.6054096221924,"Iasi (judet), Iasi"
2F541AC1-8874-432F-5002-08D9243EA812,47.1465110778809,27.560640335083,"Iasi (judet), Iasi"
33592C39-A93B-46F5-5003-08D9243EA812,47.1807823181152,27.5669631958008,"Iasi (judet), Copou"
E3DCAFE6-8238-485E-5005-08D9243EA812,47.1529083251953,27.5882549285889,"Iasi (judet), Podu Ros"
5CB9E439-9175-445E-5006-08D9243EA812,47.1725807189941,27.5910606384277,"Iasi (judet), Strada Timpului"
F68ACDA3-29E6-4EAE-5007-08D9243EA812,47.1590766906738,27.6007537841797,"Iasi (judet), Moara de Vant"
8806226E-340C-42A1-5009-08D9243EA812,47.1593856811523,27.6009902954102,"Iasi (judet), Bulevardul Tudor Vladimirescu"
8B44C7AE-2CF6-4CD7-500A-08D9243EA812,47.1200866699219,27.6231136322021,"Iasi (judet), Bucium"
32B7166B-D5ED-4887-500B-08D9243EA812,47.1200866699219,27.6231136322021,"Iasi (judet), Bucium"
08133971-EBD0-40D1-500C-08D9243EA812,47.1791000366211,27.5687007904053,"Iasi (judet), Bulevardul Carol I"
47BC7C39-AB8D-4106-500D-08D9243EA812,47.1608200073242,27.6055717468262,"Iasi (judet), Tatarasi Nord"
45311F3D-C193-4125-500E-08D9243EA812,47.1640281677246,27.6073894500732,"Iasi (judet), Tatarasi Nord"
ABE1FCBB-5C29-4AE8-500F-08D9243EA812,47.1640281677246,27.6073894500732,"Iasi (judet), Tatarasi Nord"
DE6811DA-5FA8-4C1F-5011-08D9243EA812,47.1469421386719,27.6034412384033,"Iasi (judet), Strada Atelierului"
3D5BE236-C6DE-40B6-5012-08D9243EA812,47.1491546630859,27.5884971618652,"Iasi (judet), Iasi"
6DF88D61-78F4-45F8-5014-08D9243EA812,47.1791000366211,27.5687007904053,"Iasi (judet), Bulevardul Carol I"
E0F2A652-130B-4A46-5015-08D9243EA812,47.1465110778809,27.560640335083,"Iasi (judet), Iasi"
78A10E5D-5164-4F95-5016-08D9243EA812,47.1571083068848,27.5914001464844,"Iasi (judet), Strada Sfantul Lazar"
97A7FF9F-AD60-4C81-5019-08D9243EA812,47.1791000366211,27.5687007904053,"Iasi (judet), Bulevardul Carol I"
A6691329-B472-4E16-501A-08D9243EA812,47.1561012268066,27.6054096221924,"Iasi (judet), Iasi"
A86829BE-1B4B-4E71-501C-08D9243EA812,47.163200378418,27.5643997192383,"Iasi (judet), Bulevardul Alexandru cel Bun"
638F0C4C-F02F-4B2B-501D-08D9243EA812,47.163688659668,27.5661697387695,"Iasi (judet), Iasi"
1C9C0CD5-CA7D-4230-501E-08D9243EA812,47.1259002685547,27.5575008392334,"Iasi (judet), Strada Sub Cosere"
5B6B2DE4-8781-4510-5025-08D9243EA812,47.1450004577637,27.5979995727539,"Iasi (judet), Iasi"
A73141D0-6761-41C7-5026-08D9243EA812,47.1807823181152,27.5669631958008,"Iasi (judet), Copou"
B1C7D763-DC09-46F0-5027-08D9243EA812,47.1589546203613,27.5764446258545,"Iasi (judet), Strada Podu de Piatra"
3D800406-06A0-425F-5029-08D9243EA812,47.1801795959473,27.5973300933838,"Iasi (judet), Stradela Moara de Vant"
6C018ABB-5F00-4D2C-502E-08D9243EA812,47.1465110778809,27.560640335083,"Iasi (judet), Iasi"
CC37B562-8B49-4925-502F-08D9243EA812,47.1267585754395,27.6191101074219,"Iasi (judet), Soseaua Bucium"
7A8AA48B-1B4F-4BDF-5030-08D9243EA812,47.1427993774414,27.578800201416,"Iasi (judet), Strada Petre Tutea"
DABAB4E0-4045-4FCA-5031-08D9243EA812,47.1800804138184,27.5975608825684,"Iasi (judet), Stradela Moara de Vant"
48524589-C3E8-4F5D-5032-08D9243EA812,47.1628837585449,27.5869789123535,"Iasi (judet), Centru"
2BB2F893-5E97-446D-5034-08D9243EA812,47.1511306762695,27.6243991851807,"Iasi (judet), Aviatiei"
B5ED4B64-BCCF-4619-5037-08D9243EA812,47.1754302978516,27.5503559112549,"Iasi (judet), Pacurari"
47A9DA1A-DCD8-4FF5-5038-08D9243EA812,47.1411209106445,27.5856513977051,"Iasi (judet), Nicolina 2"
21C843E3-9BF3-49E2-503A-08D9243EA812,47.1511306762695,27.6243991851807,"Iasi (judet), Aviatiei"
55450D0F-F553-4CCB-503B-08D9243EA812,47.1320343017578,27.5712985992432,"Iasi (judet), Soseaua Nicolina"
D838DAF8-C720-472A-503C-08D9243EA812,47.1745986938477,27.5492000579834,"Iasi (judet), Soseaua Pacurari"
50DC9970-7D5A-4A7A-503D-08D9243EA812,47.1427993774414,27.578800201416,"Iasi (judet), Strada Petre Tutea"
3A7288CD-FD1E-473F-503F-08D9243EA812,47.1411209106445,27.5856513977051,"Iasi (judet), Nicolina 2"
5B95F969-220F-4A8B-5041-08D9243EA812,47.1208000183105,27.6261005401611,"Iasi (judet), Soseaua Bucium"
59A1053F-281A-44FD-5042-08D9243EA812,47.1546592712402,27.5907707214355,"Iasi (judet), Podu Ros"
1789836A-5CC0-4CE0-5043-08D9243EA812,47.1208000183105,27.6261005401611,"Iasi (judet), Soseaua Bucium"
5D44A69C-2658-4382-5044-08D9243EA812,47.1208000183105,27.6261005401611,"Iasi (judet), Soseaua Bucium"
B97CBF3F-4EF8-4C15-5045-08D9243EA812,47.1208000183105,27.6261005401611,"Iasi (judet), Soseaua Bucium"
32AA8801-3D63-4ABC-5046-08D9243EA812,47.1628837585449,27.5869789123535,"Iasi (judet), Centru"
11E5B98A-B8C1-458F-504A-08D9243EA812,47.1535606384277,27.6128463745117,"Iasi (judet), Tudor Vladimirescu"
B2ACFE31-2F67-439C-504B-08D9243EA812,47.1600952148438,27.5636615753174,"Iasi (judet), Iasi"
C7AD42F7-AF18-4D79-504C-08D9243EA812,47.1670341491699,27.5842800140381,"Iasi (judet), Bulevardul Independentei"
1472D647-DB49-447C-504D-08D9243EA812,47.1580810546875,27.5969257354736,"Iasi (judet), Tudor Vladimirescu"
5F89A64C-3F13-40B9-504F-08D9243EA812,47.1660346984863,27.5789070129395,"Iasi (judet), Iasi"
4F1D763E-BF95-4605-5051-08D9243EA812,47.1421775817871,27.5746269226074,"Iasi (judet), Nicolina 1"
268C4856-CAB8-4037-5052-08D9243EA812,47.1355476379395,27.5898036956787,"Iasi (judet), Frumoasa"
A3D3CAED-D201-4E78-5053-08D9243EA812,47.1665954589844,27.5768699645996,"Iasi (judet), Iasi"
3392AAAC-1FBE-4F5A-5056-08D9243EA812,47.163200378418,27.5643997192383,"Iasi (judet), Bulevardul Alexandru cel Bun"
4FF4064B-767D-4806-5057-08D9243EA812,47.1618995666504,27.6076316833496,"Iasi (judet), Strada Tatarasi"
49200E70-47D2-4F87-505E-08D9243EA812,47.1626739501953,27.5640811920166,"Iasi (judet), Alexandru cel Bun"
80C34BC9-7DB0-44B7-505F-08D9243EA812,47.1505889892578,27.5915126800537,"Iasi (judet), Tesatura"
83E9B51F-69BF-4F24-5061-08D9243EA812,47.1599311828613,27.6102333068848,"Iasi (judet), Strada Tatarasi"
F13C7ACD-F8F6-4812-5062-08D9243EA812,47.1667594909668,27.5707607269287,"Iasi (judet), Iasi"
C5ADF644-5230-4BB0-5066-08D9243EA812,47.1640281677246,27.6073894500732,"Iasi (judet), Tatarasi Nord"
3FBBB859-345F-4E8A-5067-08D9243EA812,47.1513938903809,27.5913352966309,"Iasi (judet), Iasi"
35DD7AD4-7B73-4672-5068-08D9243EA812,47.1530113220215,27.6084594726563,"Iasi (judet), Aleea Profesor Dimitrie Atanasiu"
6EC1E1EA-0196-49EE-5069-08D9243EA812,47.1791000366211,27.5687007904053,"Iasi (judet), Bulevardul Carol I"
A6894C45-FCED-4ADF-506A-08D9243EA812,47.1626014709473,27.6047992706299,"Iasi (judet), Strada Tatarasi"
7E2E9F54-C065-428B-506B-08D9243EA812,47.1629867553711,27.6075248718262,"Iasi (judet), Strada Tatarasi"
02298AFA-7800-4E1F-506C-08D9243EA812,47.1517562866211,27.6046237945557,"Iasi (judet), Iasi"
716F3C47-62B6-4CA5-506D-08D9243EA812,47.1508522033691,27.5868129730225,"Iasi (judet), Podu Ros"
9A0FF8CE-AA8B-4537-5072-08D9243EA812,47.1626014709473,27.6047992706299,"Iasi (judet), Strada Tatarasi"
257ECC69-8F44-4BD8-5073-08D9243EA812,47.1594047546387,27.6108074188232,"Iasi (judet), Strada Tatarasi"
3E821769-F07B-4D33-5074-08D9243EA812,47.135986328125,27.5962696075439,"Iasi (judet), Iasi"
F57A54D8-4A92-4893-5076-08D9243EA812,47.2006225585938,27.5375442504883,"Iasi (judet), Bulevardul Carol I"
50F7E6F7-C0F6-4EBB-5079-08D9243EA812,47.1565170288086,27.6130504608154,"Iasi (judet), Strada Tatarasi"
B7ADBE2F-F1D8-4A3B-507A-08D9243EA812,47.1664009094238,27.5956153869629,"Iasi (judet), Strada Eternitate"
E54658C3-9DCA-40CD-507E-08D9243EA812,47.180118560791,27.5975494384766,"Iasi (judet), Stradela Moara de Vant"
1CA0C11A-4568-49E3-507F-08D9243EA812,47.1791000366211,27.5687007904053,"Iasi (judet), Bulevardul Carol I"
0E4FFFEA-B2A4-486E-5080-08D9243EA812,47.1661987304688,27.5713005065918,"Iasi (judet), Strada Garii"
F7BFAE0E-A82A-4A72-5081-08D9243EA812,47.1290740966797,27.5687236785889,"Iasi (judet), Soseaua Nicolina"
2C01C610-08DD-4E24-5082-08D9243EA812,47.1505699157715,27.5959796905518,"Iasi (judet), Tesatura"
DA7D35FA-E36D-4D06-5084-08D9243EA812,47.1516990661621,27.5872001647949,"Iasi (judet), Podu Ros"
6239E0E4-80C7-4796-5085-08D9243EA812,47.1705436706543,27.5974712371826,"Iasi (judet), Moara de Vant"
DA97D4DA-31BE-4FC8-5088-08D9243EA812,47.1689186096191,27.5484008789063,"Iasi (judet), Dacia"
EF1E8C6F-CFDA-4616-5089-08D9243EA812,47.1508522033691,27.5868129730225,"Iasi (judet), Podu Ros"
705CB195-1703-4A0B-508B-08D9243EA812,47.1562156677246,27.5924186706543,"Iasi (judet), Iasi"
6C2BB794-C4B5-43AD-508D-08D9243EA812,47.1513977050781,27.5947914123535,"Iasi (judet), Iasi"
D219BED8-232C-470E-508E-08D9243EA812,47.1564254760742,27.5925827026367,"Iasi (judet), Strada Profesor Sesan A."
65E4ED5E-5A01-4A91-508F-08D9243EA812,47.1628837585449,27.5869789123535,"Iasi (judet), Centru"
069FB766-39D4-4CD2-5091-08D9243EA812,47.1966094970703,27.55051612854,"Iasi (judet), Agronomie"
B3F26DD8-6FA2-47E3-5093-08D9243EA812,47.1240997314453,27.5673007965088,"Iasi (judet), Aleea Tudor Neculai"
5A8F9EFC-062F-4D99-5094-08D9243EA812,47.1695556640625,27.5684814453125,"Iasi (judet), Strada Arcu"
1A15D97C-F243-4E8E-5095-08D9243EA812,47.1640281677246,27.6073894500732,"Iasi (judet), Tatarasi Nord"
BD74F805-63AC-4919-5096-08D9243EA812,47.1791000366211,27.5687007904053,"Iasi (judet), Copou"
7CC18505-B48E-42EB-5097-08D9243EA812,47.1563262939453,27.6242198944092,"Iasi (judet), Strada Tatarasi"
19CE1D70-170B-40F6-5099-08D9243EA812,47.1669998168945,27.5944995880127,"Iasi (judet), Strada Eternitate"
7862561F-F23A-4004-509A-08D9243EA812,47.1626014709473,27.6047992706299,"Iasi (judet), Strada Tatarasi"
3B9080F1-F84D-4224-509C-08D9243EA812,47.1669998168945,27.5944995880127,"Iasi (judet), Strada Eternitate"
4EFAC228-9EE8-4B7F-509D-08D9243EA812,47.1669998168945,27.5944995880127,"Iasi (judet), Strada Eternitate"
D44BFB3F-7059-4FAF-509F-08D9243EA812,47.1670341491699,27.5842800140381,"Iasi (judet), Bulevardul Independentei"
0A16F2D7-BB42-4637-50A0-08D9243EA812,47.199390411377,27.5370941162109,"Iasi (judet), Copou"
80F19BBB-8DFD-450A-50A1-08D9243EA812,47.1200866699219,27.6231136322021,"Iasi (judet), Bucium"
B717DFC9-D4C3-4179-50A3-08D9243EA812,47.1555671691895,27.6178684234619,"Iasi (judet), Tatarasi Sud"
6C45B0AD-B617-43DB-50A4-08D9243EA812,47.1462898254395,27.5679168701172,"Iasi (judet), Galata"
9A4CF58A-30E8-4FAE-50A5-08D9243EA812,47.1809577941895,27.5979328155518,"Iasi (judet), Strada Eternitate"
D35C9E24-F0B8-4F37-50A6-08D9243EA812,47.1669998168945,27.5944995880127,"Iasi (judet), Strada Eternitate"
2EF5EE9C-9416-483C-50A7-08D9243EA812,47.1670341491699,27.5842800140381,"Iasi (judet), Bulevardul Independentei"
FD0E4BE0-49B5-41F6-50A8-08D9243EA812,47.1572456359863,27.5943183898926,"Iasi (judet), Strada Moldovei"
5A0C3C8C-14A6-4AD4-50A9-08D9243EA812,47.1552314758301,27.5933704376221,"Iasi (judet), Strada Zimbrului"
5D0C3229-D9CA-4C97-50AA-08D9243EA812,47.1521186828613,27.5825004577637,"Iasi (judet), Bulevardul Dimitrie Cantemir"
02AB3FA2-B2D6-4970-50AB-08D9243EA812,47.158145904541,27.6010894775391,"Iasi (judet), Bulevardul Tudor Vladimirescu"
5CBE0D53-4CEE-48F5-50AC-08D9243EA812,47.170768737793,27.5776824951172,"Iasi (judet), Copou"
570ACEAC-36AE-42D9-50AD-08D9243EA812,47.1277694702148,27.5697994232178,"Iasi (judet), Nicolina 1"
9BACB847-3579-4DF1-50B0-08D9243EA812,47.1427993774414,27.578800201416,"Iasi (judet), Strada Petre Tutea"
30B7A374-F745-47B5-50B3-08D9243EA812,47.1555671691895,27.6178684234619,"Iasi (judet), Tatarasi Sud"
DF4AB638-C101-4486-50B4-08D9243EA812,47.1673851013184,27.5739517211914,"Iasi (judet), Strada Arcu"
AB8A4CB2-C543-4783-50B7-08D9243EA812,47.1638336181641,27.6096134185791,"Iasi (judet), Strada Stejar"
9510C962-C03A-46B9-50B9-08D9243EA812,47.147647857666,27.6040859222412,"Iasi (judet), Iasi"
F699BDF9-506E-486D-50BA-08D9243EA812,47.168342590332,27.5734806060791,"Iasi (judet), Iasi"
47FADBD3-F74B-4903-50BB-08D9243EA812,47.163688659668,27.5661697387695,"Iasi (judet), Iasi"
9E520CC8-BACC-4533-50BC-08D9243EA812,47.1656112670898,27.5865879058838,"Iasi (judet), Iasi"
C82709FA-501C-48CA-50BE-08D9243EA812,47.1427993774414,27.578800201416,"Iasi (judet), Strada Petre Tutea"
EA18C77F-EFA7-4442-50BF-08D9243EA812,47.1628837585449,27.5869789123535,"Iasi (judet), Centru"
110F1246-23EC-4982-50C0-08D9243EA812,47.1667938232422,27.5826282501221,"Iasi (judet), Iasi"
41ECE566-DD70-42E1-50C1-08D9243EA812,47.1549835205078,27.5752735137939,"Iasi (judet), Dimitrie Cantemir"
E8FB141C-F231-4785-50C2-08D9243EA812,47.168571472168,27.5663967132568,"Iasi (judet), Iasi"
9EE1DFE7-A5F4-4AB0-50C3-08D9243EA812,47.1570816040039,27.6255893707275,"Iasi (judet), Strada Aurel Vlaicu"
CAFB3D5B-9568-4636-50C5-08D9243EA812,47.1617317199707,27.5758094787598,"Iasi (judet), Strada Luminii"
A3E2E7AB-1229-4941-50C6-08D9243EA812,47.1633605957031,27.5937004089355,"Iasi (judet), Strada Elena Doamna"
74B68BBB-9753-4E09-50C8-08D9243EA812,47.1596984863281,27.6052093505859,"Iasi (judet), Strada Vasile Lupu"
596C789E-5E49-4A06-50CA-08D9243EA812,47.1511306762695,27.6243991851807,"Iasi (judet), Aviatiei"
17188EB8-3263-4384-50CB-08D9243EA812,47.1366004943848,27.5821094512939,"Iasi (judet), Strada Libertatii"
A315F9B1-EB1F-4C44-50CC-08D9243EA812,47.1602058410645,27.5851020812988,"Iasi (judet), Strada Costache Negri"
E0D7FAB7-53D2-4751-50CF-08D9243EA812,47.1638984680176,27.6075458526611,"Iasi (judet), Iasi"
BC86DC7A-16F5-4EEA-50D0-08D9243EA812,47.1801147460938,27.5975456237793,"Iasi (judet), Stradela Moara de Vant"
7AAE5270-6B1F-4E45-50D1-08D9243EA812,47.1768760681152,27.5692729949951,"Iasi (judet), Iasi"
EA011D75-1F0B-4D91-50D2-08D9243EA812,47.1791000366211,27.5687007904053,"Iasi (judet), Bulevardul Carol I"
87DF03C5-4871-4C0C-50D3-08D9243EA812,47.1355285644531,27.5863304138184,"Iasi (judet), Frumoasa"
8DF0BAA3-90E4-4F6F-50D8-08D9243EA812,47.1427993774414,27.578800201416,"Iasi (judet), Strada Petre Tutea"
AF6378DB-26E3-4E46-50DA-08D9243EA812,47.1582679748535,27.6052494049072,"Iasi (judet), Bulevardul Tudor Vladimirescu"
0029062D-DD43-4FD8-50DB-08D9243EA812,47.1665954589844,27.5803203582764,"Iasi (judet), Piata Unirii"
F0F4296A-42C8-49A0-50DC-08D9243EA812,47.1698760986328,27.5999336242676,"Iasi (judet), Strada Moara de Vant"
8C40FC0F-685D-4B86-50DD-08D9243EA812,47.1729583740234,27.5979995727539,"Iasi (judet), Stradela Moara de Vant"
28B137F8-386E-4272-50DE-08D9243EA812,47.1516990661621,27.5872001647949,"Iasi (judet), Podu Ros"
99C3D483-9619-4D5E-50E1-08D9243EA812,47.1588325500488,27.6181793212891,"Iasi (judet), Strada Tatarasi"
03B4DCB1-2E5B-4446-50E2-08D9243EA812,47.165699005127,27.5799999237061,"Iasi (judet), Piata Unirii"
C4D62326-8BA4-4B96-50E3-08D9243EA812,47.1581726074219,27.6056041717529,"Iasi (judet), Bulevardul Tudor Vladimirescu"
8D53E2C1-9B48-420B-50E5-08D9243EA812,47.1427993774414,27.578800201416,"Iasi (judet), Strada Petre Tutea"
2E99CEA6-1955-45D0-50E7-08D9243EA812,47.165699005127,27.5799999237061,"Iasi (judet), Piata Unirii"
201CEB67-94E0-46B9-50E8-08D9243EA812,47.1729583740234,27.5979995727539,"Iasi (judet), Stradela Moara de Vant"
FEF0D795-5C62-4C28-50E9-08D9243EA812,47.1474914550781,27.6128196716309,"Iasi (judet), Iasi"
5CED8A61-28EC-42B0-50EC-08D9243EA812,47.1634635925293,27.5947341918945,"Iasi (judet), Iasi"
0A3D311E-2D5B-4229-50ED-08D9243EA812,47.1698760986328,27.5999336242676,"Iasi (judet), Strada Moara de Vant"
6D0B4CA9-218C-4B89-50EE-08D9243EA812,47.1750907897949,27.597749710083,"Iasi (judet), Stradela Moara de Vant"
DE7A21A7-3EE3-4708-50EF-08D9243EA812,47.165699005127,27.5799999237061,"Iasi (judet), Piata Unirii"
1716152C-EF49-4815-50F0-08D9243EA812,47.163200378418,27.5643997192383,"Iasi (judet), Alexandru cel Bun"
25B270A9-E724-4441-50F2-08D9243EA812,47.1505699157715,27.5896091461182,"Iasi (judet), Bulevardul Tutora"
494AF164-5FC5-49AB-50F5-08D9243EA812,47.1356468200684,27.5871429443359,"Iasi (judet), Bulevardul Poitiers"
A72812E6-7F96-47DA-50F6-08D9243EA812,47.135555267334,27.5867919921875,"Iasi (judet), Frumoasa"
354F796D-431A-4077-50FC-08D9243EA812,47.1534423828125,27.6127605438232,"Iasi (judet), Tudor Vladimirescu"
9C35C1A2-ADCD-4B23-50FD-08D9243EA812,47.1670341491699,27.5842800140381,"Iasi (judet), Bulevardul Independentei"
6259ECDE-2A75-4A41-50FF-08D9243EA812,47.1546592712402,27.5907707214355,"Iasi (judet), Podu Ros"
F0610740-CFE3-48E7-5105-08D9243EA812,47.1282386779785,27.5695819854736,"Iasi (judet), CUG"
E403FDE5-521A-442D-5107-08D9243EA812,47.1640281677246,27.6073894500732,"Iasi (judet), Tatarasi Nord"
68761F6A-B379-44C4-5108-08D9243EA812,47.1531105041504,27.6129207611084,"Iasi (judet), Bulevardul Chimiei"
5D1163A9-8F3F-4414-5109-08D9243EA812,47.1211891174316,27.569206237793,"Iasi (judet), CUG"
786A6318-B3B3-4FE3-510B-08D9243EA812,47.1514205932617,27.5852108001709,"Iasi (judet), Soseaua Nationala"
304232A6-8D35-4A15-510C-08D9243EA812,47.1619110107422,27.5668601989746,"Iasi (judet), Bulevardul Alexandru cel Bun"
9686B58E-268E-4BFC-510D-08D9243EA812,47.1722221374512,27.5612564086914,"Iasi (judet), Pacurari"
1EF78ECF-BD32-42AA-510E-08D9243EA812,47.1618690490723,27.6077098846436,"Iasi (judet), Strada Ion Creanga"
96D1C1E0-98BC-4F46-510F-08D9243EA812,47.1628837585449,27.5869789123535,"Iasi (judet), Centru"
99496965-18D2-4D66-5110-08D9243EA812,47.1623992919922,27.6015014648438,"Iasi (judet), Tatarasi Nord"
2E5C29FB-5840-44DA-5111-08D9243EA812,47.1211891174316,27.569206237793,"Iasi (judet), CUG"
FE370201-2691-45B1-5112-08D9243EA812,47.1411209106445,27.5856513977051,"Iasi (judet), Nicolina 2"
794DCD32-B726-420E-5113-08D9243EA812,47.1628837585449,27.5869789123535,"Iasi (judet), Centru"
762D9E0A-BF2E-4DC7-5114-08D9243EA812,47.155590057373,27.5927448272705,"Iasi (judet), Strada Sf. Lazar"
9BA89184-C858-4791-5115-08D9243EA812,47.1534729003906,27.6128902435303,"Iasi (judet), Tudor Vladimirescu"
E5F8C188-6097-4823-5116-08D9243EA812,47.1791000366211,27.5687007904053,"Iasi (judet), Bulevardul Carol I"
674EEA1E-F21D-4AE1-5117-08D9243EA812,47.1594619750977,27.626708984375,"Iasi (judet), Strada Tatarasi"
7DFB5516-9090-446C-5118-08D9243EA812,47.1807823181152,27.5669631958008,"Iasi (judet), Copou"
C784B803-6AA6-46A3-511E-08D9243EA812,47.1685638427734,27.5707759857178,"Iasi (judet), Strada Arcu"
3AAAF69E-6187-4A70-5124-08D9243EA812,47.1623992919922,27.6015014648438,"Iasi (judet), Tatarasi Nord"
3030607E-C186-487F-5125-08D9243EA812,47.1659393310547,27.5887203216553,"Iasi (judet), Bulevardul Independentei"
58B2A27C-93B9-43F2-5126-08D9243EA812,47.1791000366211,27.5687007904053,"Iasi (judet), Bulevardul Carol I"
0ED9DEAB-DD4B-43CC-5127-08D9243EA812,47.1685676574707,27.5578575134277,"Iasi (judet), Strada Tabacului"
392F9088-A97A-4A3F-512B-08D9243EA812,47.1668090820313,27.5847702026367,"Iasi (judet), Bulevardul Independentei"
84D49E9D-1A12-4105-512C-08D9243EA812,47.1508522033691,27.5868129730225,"Iasi (judet), Podu Ros"
B1300BBD-F227-4102-512D-08D9243EA812,47.1689186096191,27.5484008789063,"Iasi (judet), Dacia"
8C6A3DA9-721A-4492-512E-08D9243EA812,47.1347808837891,27.5863628387451,"Iasi (judet), Frumoasa"
CBE67A45-EC82-41FF-512F-08D9243EA812,47.1791000366211,27.5687007904053,"Iasi (judet), Bulevardul Carol I"
C1CD961C-7374-4992-5130-08D9243EA812,47.1791000366211,27.5687007904053,"Iasi (judet), Bulevardul Carol I"
D1ECFB1B-62DE-4F31-5131-08D9243EA812,47.1655578613281,27.5797576904297,"Iasi (judet), Strada Arcu"
3C6A49F2-3A1C-48C1-5133-08D9243EA812,47.1698913574219,27.5674495697021,"Iasi (judet), Soseaua Arcu"
D9B0AA44-716C-4E43-5134-08D9243EA812,47.1562461853027,27.6014747619629,"Iasi (judet), Tudor Vladimirescu"
26F508F5-228C-44A0-5135-08D9243EA812,47.1807823181152,27.5669631958008,"Iasi (judet), Copou"
098D973D-EDB8-4E6A-5136-08D9243EA812,47.1807823181152,27.5669631958008,"Iasi (judet), Copou"
544395E8-DA8F-43D1-5137-08D9243EA812,47.1626014709473,27.6047992706299,"Iasi (judet), Strada Tatarasi"
694372B2-EA0E-4A93-5138-08D9243EA812,47.1665115356445,27.5690898895264,"Iasi (judet), Strada Strapungerea Silvestru"
C78CC7AC-973B-47A7-513D-08D9243EA812,47.1491012573242,27.5680999755859,"Iasi (judet), Soseaua Galata"
EA733605-EFA1-4699-513E-08D9243EA812,47.1791000366211,27.5687007904053,"Iasi (judet), Bulevardul Carol I"
BDA2CE36-462A-4A07-513F-08D9243EA812,47.1791000366211,27.5687007904053,"Iasi (judet), Bulevardul Carol I"
DE5E0009-B38D-4558-5140-08D9243EA812,47.1791000366211,27.5687007904053,"Iasi (judet), Bulevardul Carol I"
7DBE7530-A595-4B63-5141-08D9243EA812,47.157169342041,27.5950202941895,"Iasi (judet), Strada Sf. Lazar"
2A5E1AFB-82A3-4316-5142-08D9243EA812,47.1559371948242,27.6039047241211,"Iasi (judet), Iasi"
8071C984-40C8-403F-5143-08D9243EA812,47.1421775817871,27.5746269226074,"Iasi (judet), Nicolina 1"
149516E3-DDD6-48E7-5144-08D9243EA812,47.1456489562988,27.5825595855713,"Iasi (judet), Aleea Nicolina"
FE5F256C-6ACE-4BB0-5145-08D9243EA812,47.2025718688965,27.5341892242432,"Iasi (judet), Carol 1"
E452FB1B-D64C-4C9F-5146-08D9243EA812,47.1594505310059,27.6039199829102,"Iasi (judet), Strada Vasile Lupu"
70A6F05D-0647-4BF5-5148-08D9243EA812,47.1559600830078,27.5698261260986,"Iasi (judet), Iasi"
E0631349-B852-4E0C-5149-08D9243EA812,47.1966094970703,27.55051612854,"Iasi (judet), Agronomie"
5FC7A3D3-B3BA-42C7-514A-08D9243EA812,47.1655883789063,27.5930252075195,"Iasi (judet), Strada Cucu"
2B958227-6C1F-4A55-5151-08D9243EA812,47.1532669067383,27.6128463745117,"Iasi (judet), Tudor Vladimirescu"
9E8B2EE5-45D3-4D0F-5153-08D9243EA812,47.1668014526367,27.548900604248,"Iasi (judet), Bulevardul Dacia"
3BAD2055-6747-4FDC-5154-08D9243EA812,47.1668014526367,27.548900604248,"Iasi (judet), Bulevardul Dacia"
4B1AE533-E389-48E5-5155-08D9243EA812,47.1544914245605,27.6081409454346,"Iasi (judet), Aleea Prof. Vasile Petrescu"
451E5E7B-86CA-46F0-5156-08D9243EA812,47.1668014526367,27.548900604248,"Iasi (judet), Bulevardul Dacia"
81FB9877-0B21-44A3-5158-08D9243EA812,47.1543006896973,27.5683994293213,"Iasi (judet), Strada Mircea cel Batran"
0A629FFB-4CFF-4D94-5159-08D9243EA812,47.176399230957,27.5693187713623,"Iasi (judet), Strada Titu Maiorescu"
EBEB5D0F-7082-4100-515A-08D9243EA812,47.1544914245605,27.6081409454346,"Iasi (judet), Aleea Prof. Vasile Petrescu"
0218F6B8-188F-4023-515B-08D9243EA812,47.1668014526367,27.548900604248,"Iasi (judet), Bulevardul Dacia"
94DF277E-C109-49BD-515D-08D9243EA812,47.163688659668,27.5661697387695,"Iasi (judet), Iasi"
EED16116-A57C-44D5-515F-08D9243EA812,47.1567001342773,27.6032009124756,"Iasi (judet), Bulevardul Tudor Vladimirescu"
1902A16A-9260-44E1-5160-08D9243EA812,47.1504707336426,27.5866298675537,"Iasi (judet), Strada Nicolina"
41D45313-5400-44A3-5163-08D9243EA812,47.1533241271973,27.6125030517578,"Iasi (judet), Tudor Vladimirescu"
A8F030D7-304E-4C79-5164-08D9243EA812,47.1668014526367,27.548900604248,"Iasi (judet), Bulevardul Dacia"
4A34A582-B1D7-421C-5165-08D9243EA812,47.160816192627,27.6041622161865,"Iasi (judet), Strada Rachiti"
29DBFBA2-35D1-4A40-5166-08D9243EA812,47.1673774719238,27.567289352417,"Iasi (judet), Gara"
8E98AE5E-A0C2-4B09-5168-08D9243EA812,47.1640281677246,27.6073894500732,"Iasi (judet), Tatarasi Nord"
94C5A0C7-505B-4CE8-5169-08D9243EA812,47.1508522033691,27.5868129730225,"Iasi (judet), Podu Ros"
A4BE3DEF-E6E3-4BBE-516B-08D9243EA812,47.1552505493164,27.5933895111084,"Iasi (judet), Strada Zimbrului"
00ACAD49-28C5-437A-516C-08D9243EA812,47.1623992919922,27.6015014648438,"Iasi (judet), Tatarasi Nord"
0E0D539D-3964-4E7A-516D-08D9243EA812,47.1640281677246,27.6073894500732,"Iasi (judet), Tatarasi Nord"
8EECF9FB-26A8-4AAE-516F-08D9243EA812,47.1507606506348,27.5872001647949,"Iasi (judet), Podu Ros"
9BC4FEEB-136F-443D-5170-08D9243EA812,47.1427993774414,27.578800201416,"Iasi (judet), Strada Petre Tutea"
59B11D29-BA4F-46D1-5171-08D9243EA812,47.1522407531738,27.5760593414307,"Iasi (judet), Iasi"
AA65428F-9D8C-46E1-5172-08D9243EA812,47.1506233215332,27.5913944244385,"Iasi (judet), Iasi"
9E2D9F6D-1FDE-4C3F-5173-08D9243EA812,47.1647491455078,27.5912799835205,"Iasi (judet), Strada Elena Doamna"
71506874-0572-46DE-517C-08D9243EA812,47.1511917114258,27.5705394744873,"Iasi (judet), Strada Urechia Vasile A."
AC075AB7-00AB-4F73-517D-08D9243EA812,47.1734199523926,27.5891704559326,"Iasi (judet), Bulevardul C. A. Rosetti"
A47045A9-5CF1-4C16-517F-08D9243EA812,47.1522407531738,27.5760593414307,"Iasi (judet), Iasi"
41AA1C0D-79DE-4682-5180-08D9243EA812,47.1431007385254,27.5730609893799,"Iasi (judet), Iasi"
C16D114B-F71A-4193-5181-08D9243EA812,47.1807823181152,27.5669631958008,"Iasi (judet), Copou"
5F9FE3CB-BD5F-4B3C-5182-08D9243EA812,47.162956237793,27.582389831543,"Iasi (judet), Bulevardul Stefan cel Mare si Sfant"
49BEABD6-E51B-49CF-5183-08D9243EA812,47.1516990661621,27.5872001647949,"Iasi (judet), Podu Ros"
B47410D7-CE56-48AA-5184-08D9243EA812,47.1516990661621,27.5872001647949,"Iasi (judet), Podu Ros"
B9D20E5D-3657-4AA0-5185-08D9243EA812,47.163688659668,27.5661697387695,"Iasi (judet), Iasi"
CA38A5CF-23DC-4265-5187-08D9243EA812,47.1208000183105,27.6261005401611,"Iasi (judet), Soseaua Bucium"
5B287D61-91F9-44B8-518A-08D9243EA812,47.162769317627,27.5927543640137,"Iasi (judet), Iasi"
0D557022-6BE7-4CCB-518C-08D9243EA812,47.1604270935059,27.5877227783203,"Iasi (judet), Strada Costache Negri"
6BC4C0E9-70E0-43BA-518D-08D9243EA812,47.1502075195313,27.5885753631592,"Iasi (judet), Bulevardul Socola"
15313475-7B44-490D-518E-08D9243EA812,47.1500473022461,27.5888671875,"Iasi (judet), Bulevardul Socola"
271F2BA3-A437-4EDF-5190-08D9243EA812,47.1200866699219,27.6231136322021,"Iasi (judet), Bucium"
DE87F057-52E5-4E02-5191-08D9243EA812,47.163200378418,27.5643997192383,"Iasi (judet), Bulevardul Alexandru cel Bun"
D4832F6E-3D28-490E-5193-08D9243EA812,47.1781883239746,27.5662326812744,"Iasi (judet), Copou"
89F3D7AE-FF58-4823-5194-08D9243EA812,47.1787986755371,27.564474105835,"Iasi (judet), Copou"
3D638AD2-482B-426E-5195-08D9243EA812,47.1665954589844,27.5803203582764,"Iasi (judet), Piata Unirii"
4D3C2670-6F52-4A5E-5196-08D9243EA812,47.1619148254395,27.5847549438477,"Iasi (judet), Iasi"
BE0D837D-F556-4C1A-5197-08D9243EA812,47.1790885925293,27.5579090118408,"Iasi (judet), Strada Fagului"
12FE0428-9E33-4AEB-5199-08D9243EA812,47.1677589416504,27.5923900604248,"Iasi (judet), Iasi"
115DCC64-B98C-4A18-519A-08D9243EA812,47.1522750854492,27.583797454834,"Iasi (judet), Iasi"
676A5EB4-58EB-47DD-519C-08D9243EA812,47.1628837585449,27.5869789123535,"Iasi (judet), Centru"
9746B902-7D88-4386-519D-08D9243EA812,47.1807823181152,27.5669631958008,"Iasi (judet), Copou"
A524B442-9BB0-4233-519F-08D9243EA812,47.1532135009766,27.6180610656738,"Iasi (judet), Strada Parcului"
ED3DE2E6-C948-4C54-51A0-08D9243EA812,47.1562461853027,27.6014747619629,"Iasi (judet), Tudor Vladimirescu"
4B075666-3F9D-497A-51A1-08D9243EA812,47.1665992736816,27.5570621490479,"Iasi (judet), Alexandru cel Bun"
9B7EE38C-57DE-44CC-51A2-08D9243EA812,47.1626014709473,27.6047992706299,"Iasi (judet), Strada Tatarasi"
81776E0C-5968-4604-51A3-08D9243EA812,47.1565437316895,27.6132106781006,"Iasi (judet), Strada Tatarasi"
0B3F4B21-8965-4D09-51A5-08D9243EA812,47.1754302978516,27.5503559112549,"Iasi (judet), Pacurari"
EBA72323-C267-4E53-51A7-08D9243EA812,47.1643257141113,27.5964317321777,"Iasi (judet), Iasi"
A73B0D5A-727C-4873-51A8-08D9243EA812,47.1608467102051,27.6277732849121,"Iasi (judet), Tatarasi Nord"
DD9A6035-659A-4B87-51A9-08D9243EA812,47.1589241027832,27.6269435882568,"Iasi (judet), Strada Tatarasi"
61028595-C167-462A-51AE-08D9243EA812,47.1484298706055,27.5857772827148,"Iasi (judet), Iasi"
9CA6FC78-52A3-4A24-51AF-08D9243EA812,47.1567001342773,27.6032009124756,"Iasi (judet), Bulevardul Tudor Vladimirescu"
12613CEC-A297-4E02-51B0-08D9243EA812,47.1608238220215,27.5887126922607,"Iasi (judet), Strada Anastasie Panu"
F04259D9-1418-4D97-51B1-08D9243EA812,47.1529541015625,27.598237991333,"Iasi (judet), Splaiul Bahlui Mal Drept"
206C799E-3FF9-4278-51B5-08D9243EA812,47.163330078125,27.6053504943848,"Iasi (judet), Strada Petre Ispirescu"
7C15D6F8-6C4C-4F4C-51B6-08D9243EA812,47.1807823181152,27.5669631958008,"Iasi (judet), Copou"
71EE43CA-01D4-4A5C-51B7-08D9243EA812,47.1516990661621,27.5872001647949,"Iasi (judet), Podu Ros"
73B00EED-02F0-4BB2-51BB-08D9243EA812,47.1605987548828,27.582691192627,"Iasi (judet), Iasi"
9C8EBD38-12A1-43B6-51BC-08D9243EA812,47.1489067077637,27.5836200714111,"Iasi (judet), Aleea Rozelor"
37336A47-C426-4216-51BE-08D9243EA812,47.1516990661621,27.5872001647949,"Iasi (judet), Podu Ros"
955FAE68-64E6-4BFE-51BF-08D9243EA812,47.1689186096191,27.5484008789063,"Iasi (judet), Dacia"
399CB2C4-D44D-477F-51C0-08D9243EA812,47.157600402832,27.5916004180908,"Iasi (judet), Strada Sfantul Lazar"
5A97183E-55CC-48D6-51C1-08D9243EA812,47.1791000366211,27.5687007904053,"Iasi (judet), Bulevardul Carol I"
E959AAFE-21D8-48E0-51C2-08D9243EA812,47.1626014709473,27.6047992706299,"Iasi (judet), Strada Tatarasi"
098A0322-9619-4967-51C3-08D9243EA812,47.1668014526367,27.548900604248,"Iasi (judet), Dacia"
FC3CAB5B-3851-4E75-51C5-08D9243EA812,47.1560821533203,27.5914287567139,"Iasi (judet), Strada Sfantul Lazar"
A19FB980-40D0-4C1F-51C6-08D9243EA812,47.15625,27.6056480407715,"Iasi (judet), Strada Ciurchi"
FD96DE80-D803-4ED4-51C7-08D9243EA812,47.1659202575684,27.5886993408203,"Iasi (judet), Bulevardul Independentei"
4E9D3D5D-A6FA-4BE9-51CA-08D9243EA812,47.163200378418,27.5643997192383,"Iasi (judet), Alexandru cel Bun"
A9311B1E-3162-4BE5-51CB-08D9243EA812,47.1630973815918,27.6074600219727,"Iasi (judet), Strada Tatarasi"
932638BD-588B-49EC-51CD-08D9243EA812,47.1421775817871,27.5746269226074,"Iasi (judet), Nicolina 1"
202BD5AB-E157-471B-51D1-08D9243EA812,47.1567001342773,27.6032009124756,"Iasi (judet), Bulevardul Tudor Vladimirescu"
888D416A-EC8F-46A8-51D2-08D9243EA812,47.1508522033691,27.5868129730225,"Iasi (judet), Podu Ros"
057B640F-9BC7-4052-51D5-08D9243EA812,47.1772079467773,27.5702724456787,"Iasi (judet), Bulevardul Carol I"
DA4F50B6-FD64-4689-51D6-08D9243EA812,47.1583213806152,27.5864105224609,"Iasi (judet), Strada Anastasie Panu"
F6438241-82FF-4E28-51DA-08D9243EA812,47.1585884094238,27.6187591552734,"Iasi (judet), Strada Tatarasi"
B3826274-85CE-4BA3-51DB-08D9243EA812,47.1668014526367,27.548900604248,"Iasi (judet), Dacia"
7FD7277A-90AF-4527-51DC-08D9243EA812,47.1721649169922,27.5957336425781,"Iasi (judet), Moara de Vant"
DF3DF2B0-A7E6-48EE-51DD-08D9243EA812,47.1567001342773,27.6032009124756,"Iasi (judet), Bulevardul Tudor Vladimirescu"
ABDB1623-3AE2-49DF-51DE-08D9243EA812,47.1626014709473,27.6047992706299,"Iasi (judet), Tatarasi Nord"
701709B4-8C01-4421-51DF-08D9243EA812,47.1411209106445,27.5856513977051,"Iasi (judet), Nicolina 2"
76FC016B-3E99-4D62-51E1-08D9243EA812,47.1807823181152,27.5669631958008,"Iasi (judet), Copou"
08CAAEC6-E8AF-4CB1-51E2-08D9243EA812,47.1689186096191,27.5484008789063,"Iasi (judet), Dacia"
86F049BA-B2FF-4424-51E3-08D9243EA812,47.1628837585449,27.5869789123535,"Iasi (judet), Centru"
92697589-1F12-4397-51E4-08D9243EA812,47.152458190918,27.5829906463623,"Iasi (judet), Soseaua Nationala"
8D194E80-F916-44A9-51E5-08D9243EA812,47.1561813354492,27.6269874572754,"Iasi (judet), Strada Tatarasi"
41939C14-37EA-47CE-51E6-08D9243EA812,47.1667594909668,27.5707607269287,"Iasi (judet), Iasi"
0E4DD6EF-4088-4400-51E7-08D9243EA812,47.1665954589844,27.5803203582764,"Iasi (judet), Piata Unirii"
969C226F-0579-414D-51E9-08D9243EA812,47.1295013427734,27.569299697876,"Iasi (judet), Soseaua Nicolina"
30E3E784-C908-4B3D-51EA-08D9243EA812,47.163200378418,27.5643997192383,"Iasi (judet), Bulevardul Alexandru cel Bun"
6338B549-D23D-4774-51EB-08D9243EA812,47.1721649169922,27.5957336425781,"Iasi (judet), Moara de Vant"
7314A775-E820-41FD-51ED-08D9243EA812,47.1555671691895,27.6178684234619,"Iasi (judet), Tatarasi Sud"
9DFD29A3-F156-4829-51F0-08D9243EA812,47.157600402832,27.5916004180908,"Iasi (judet), Strada Sfantul Lazar"
6A89BA43-BA29-4C2F-51F1-08D9243EA812,47.1807823181152,27.5669631958008,"Iasi (judet), Copou"
5ED8A303-E0D7-46B4-51F4-08D9243EA812,47.1669998168945,27.5944995880127,"Iasi (judet), Strada Eternitate"
1A2E68F2-626A-45E7-51F6-08D9243EA812,47.1814460754395,27.5195865631104,"Iasi (judet), Strada Prof. I. P. Culianu"
78BD5D31-3200-40C5-51F7-08D9243EA812,47.163200378418,27.5643997192383,"Iasi (judet), Bulevardul Alexandru cel Bun"
9A8B5B4A-F9C8-498C-51F8-08D9243EA812,47.1677589416504,27.5923900604248,"Iasi (judet), Iasi"
118414C7-4D18-440F-51F9-08D9243EA812,47.1799697875977,27.5976009368896,"Iasi (judet), Stradela Moara de Vant"
5DD467E8-A9D4-4BE1-51FB-08D9243EA812,47.2011795043945,27.5362091064453,"Iasi (judet), Carol 1"
3B68DCDC-966A-4A9C-51FD-08D9243EA812,47.1673774719238,27.567289352417,"Iasi (judet), Gara"
BA124FA7-3B04-4CDC-51FE-08D9243EA812,47.1623992919922,27.6015014648438,"Iasi (judet), Tatarasi Nord"
228321CB-B8E5-4418-51FF-08D9243EA812,47.1522407531738,27.5760593414307,"Iasi (judet), Iasi"
DF413C18-F62B-476E-5200-08D9243EA812,47.175350189209,27.5430431365967,"Iasi (judet), Pacurari"
4367357E-A67A-4E25-5201-08D9243EA812,47.1581726074219,27.602237701416,"Iasi (judet), Strada Bucsinescu"
093DC811-F116-45C0-5202-08D9243EA812,47.1282386779785,27.5695819854736,"Iasi (judet), CUG"
169CA61D-D90B-467E-5205-08D9243EA812,47.1813697814941,27.5723247528076,"Iasi (judet), Strada Sararie"
20B4DC87-D9A9-4657-5206-08D9243EA812,47.1562461853027,27.6014747619629,"Iasi (judet), Tudor Vladimirescu"
E1E487B0-4193-4169-5207-08D9243EA812,47.1200866699219,27.6231136322021,"Iasi (judet), Bucium"
02BA6778-2B34-4DA3-5208-08D9243EA812,47.1665954589844,27.5803203582764,"Iasi (judet), Piata Unirii"
1026EB85-0B15-4014-520D-08D9243EA812,47.1663093566895,27.5842342376709,"Iasi (judet), Centru"
26FEBAB4-7DB5-4926-520E-08D9243EA812,47.179370880127,27.5731391906738,"Iasi (judet), Strada Sararie"
27D6E7B5-0485-46EB-5210-08D9243EA812,47.1508522033691,27.5868129730225,"Iasi (judet), Podu Ros"
F9D9434A-274A-4225-5211-08D9243EA812,47.1727981567383,27.5556392669678,"Iasi (judet), Soseaua Moara de Foc"
4FD99006-1AC9-451E-5212-08D9243EA812,47.1793594360352,27.573169708252,"Iasi (judet), Strada Sararie"
F1E122AF-80E9-4C0A-5213-08D9243EA812,47.179370880127,27.5731391906738,"Iasi (judet), Strada Sararie"
31B51A0E-E93E-4D4E-5214-08D9243EA812,47.1427993774414,27.578800201416,"Iasi (judet), Strada Petre Tutea"
8FED05ED-E8C3-45B7-5216-08D9243EA812,47.1355476379395,27.5898036956787,"Iasi (judet), Frumoasa"
BBB5F177-5A5D-499A-521A-08D9243EA812,47.1640281677246,27.6073894500732,"Iasi (judet), Tatarasi Nord"
8B9C5197-CE2B-40F9-521B-08D9243EA812,47.1533241271973,27.6128902435303,"Iasi (judet), Tudor Vladimirescu"
B93BCD39-EB6E-41AD-521C-08D9243EA812,47.1516990661621,27.5872001647949,"Iasi (judet), Podu Ros"
AC8F5037-CDF4-4B17-521F-08D9243EA812,47.1532096862793,27.6125469207764,"Iasi (judet), Tudor Vladimirescu"
8EC89199-590C-4DD1-5220-08D9243EA812,47.1617202758789,27.5956344604492,"Iasi (judet), Iasi"
D567D4A4-926C-4A6B-5221-08D9243EA812,47.1543006896973,27.5683994293213,"Iasi (judet), Strada Mircea cel Batran"
03CD14E3-2DFC-4B4F-5222-08D9243EA812,47.1295013427734,27.569299697876,"Iasi (judet), Soseaua Nicolina"
4621C092-A2F9-4854-5223-08D9243EA812,47.1628837585449,27.5869789123535,"Iasi (judet), Centru"
3B4C4702-09D6-4EF6-5224-08D9243EA812,47.1299095153809,27.6068897247314,"Iasi (judet), Strada Visan"
54D6F4F1-2A07-4BBF-5225-08D9243EA812,47.1673774719238,27.567289352417,"Iasi (judet), Gara"
6962EF4E-96DB-4E7C-5226-08D9243EA812,47.1665954589844,27.5803203582764,"Iasi (judet), Piata Unirii"
517B8EDA-7B68-4425-5228-08D9243EA812,47.1973609924316,27.5502395629883,"Iasi (judet), Aleea Mihail Sadoveanu"
B4DA5C79-2A40-427C-5229-08D9243EA812,47.1546592712402,27.5907707214355,"Iasi (judet), Podu Ros"
2E203043-9CA0-45CE-522A-08D9243EA812,47.1961212158203,27.5518493652344,"Iasi (judet), Agronomie"
09E6A43C-D386-4AAE-522B-08D9243EA812,47.2004508972168,27.5407199859619,"Iasi (judet), Strada Baltagului"
EB07CA82-8F8F-4970-522C-08D9243EA812,47.1508522033691,27.5868129730225,"Iasi (judet), Podu Ros"
763E0B58-73B3-4A84-522D-08D9243EA812,47.2004508972168,27.5407199859619,"Iasi (judet), Strada Baltagului"
A8B09E1C-450A-4426-522E-08D9243EA812,47.1807823181152,27.5669631958008,"Iasi (judet), Copou"
F28BD1B2-ADCE-4C9C-522F-08D9243EA812,47.1427993774414,27.578800201416,"Iasi (judet), Strada Petre Tutea"
D9630286-78FE-41C3-5230-08D9243EA812,47.1211891174316,27.569206237793,"Iasi (judet), CUG"
359749DB-5E23-4422-5231-08D9243EA812,47.1411209106445,27.5856513977051,"Iasi (judet), Nicolina 2"
15A4E957-09A9-441F-5232-08D9243EA812,47.1561012268066,27.6054096221924,"Iasi (judet), Iasi"
66809A00-A63A-4FE3-5234-08D9243EA812,47.1667671203613,27.5716667175293,"Iasi (judet), Iasi"
7869B6F9-0CCF-48F0-5235-08D9243EA812,47.1576805114746,27.6043796539307,"Iasi (judet), Strada Cristofor"
DF22CE22-4FD0-4152-5237-08D9243EA812,47.1338348388672,27.5728740692139,"Iasi (judet), CUG"
3C6EE80E-F469-4688-5239-08D9243EA812,47.1559791564941,27.6159591674805,"Iasi (judet), Strada Ciurchi"
0E50036B-9443-4D92-523A-08D9243EA812,47.1520195007324,27.6198596954346,"Iasi (judet), Iasi"
BD9C4042-ECC7-46B0-523C-08D9243EA812,47.1791000366211,27.5687007904053,"Iasi (judet), Bulevardul Carol I"
EC575193-B214-4A0A-523F-08D9243EA812,47.1411209106445,27.5856513977051,"Iasi (judet), Nicolina 2"
50CD6613-1380-443B-5241-08D9243EA812,47.1791000366211,27.5687007904053,"Iasi (judet), Bulevardul Carol I"
897483A1-0B74-4057-5243-08D9243EA812,47.1793518066406,27.5730400085449,"Iasi (judet), Strada Dr. Teodor Codrescu"
500E2BF1-5C19-42E8-5244-08D9243EA812,47.1451683044434,27.5824203491211,"Iasi (judet), Strada Carpati"
B8039B6C-43AF-4427-5245-08D9243EA812,47.1355476379395,27.5898036956787,"Iasi (judet), Frumoasa"
EDCCC789-5DFC-4D17-5247-08D9243EA812,47.153377532959,27.6125793457031,"Iasi (judet), Strada Mihai Voda Viteazul"
1DEFF074-6424-43FE-5249-08D9243EA812,47.1549415588379,27.5930557250977,"Iasi (judet), Podu Ros"
FC0ABCE8-7D81-420F-524C-08D9243EA812,47.1334915161133,27.5728893280029,"Iasi (judet), Nicolina 1"
A4CAA76D-89DF-4F73-524D-08D9243EA812,47.1670341491699,27.5842800140381,"Iasi (judet), Bulevardul Independentei"
1F5AF9F6-D888-41FF-524F-08D9243EA812,47.1754302978516,27.5503559112549,"Iasi (judet), Pacurari"
CEE7E039-7165-4780-5250-08D9243EA812,47.1282386779785,27.5695819854736,"Iasi (judet), CUG"
C61BD48C-BD61-481A-5251-08D9243EA812,47.1427993774414,27.578800201416,"Iasi (judet), Strada Petre Tutea"
C2700DDA-3A9E-4429-5252-08D9243EA812,47.1531295776367,27.6127700805664,"Iasi (judet), Bulevardul Chimiei"
B95629EC-E860-4646-5253-08D9243EA812,47.1621780395508,27.5908012390137,"Iasi (judet), Iasi"
81B1A010-98D1-4B07-5254-08D9243EA812,47.1616134643555,27.5915584564209,"Iasi (judet), Iasi"
CEFE6920-FB73-424D-5255-08D9243EA812,47.150749206543,27.5902309417725,"Iasi (judet), Bulevardul Tutora"
3EF5F7DB-BA3F-457D-5258-08D9243EA812,47.1623992919922,27.6015014648438,"Iasi (judet), Tatarasi Nord"
03C915D8-0349-4827-5259-08D9243EA812,47.1640281677246,27.6073894500732,"Iasi (judet), Tatarasi Nord"
04E488F6-7C94-4BB8-525B-08D9243EA812,47.1754302978516,27.5503559112549,"Iasi (judet), Pacurari"
A235ACF1-FC5D-4F58-525C-08D9243EA812,47.1623992919922,27.6015014648438,"Iasi (judet), Tatarasi Nord"
600FB9C8-66F5-4AC7-525D-08D9243EA812,47.1341934204102,27.5730152130127,"Iasi (judet), Soseaua Nicolina"
9E195B09-D5EE-4118-5260-08D9243EA812,47.179988861084,27.5980205535889,"Iasi (judet), Stradela Moara de Vant"
4DD82ADE-3F78-4FD8-5261-08D9243EA812,47.1578712463379,27.604040145874,"Iasi (judet), Strada Ciurchi"
A261A285-B456-4493-5262-08D9243EA812,47.1211891174316,27.569206237793,"Iasi (judet), CUG"
B7D0EC0E-04B2-4444-5265-08D9243EA812,47.1675682067871,27.5579013824463,"Iasi (judet), Bulevardul Alexandru cel Bun"
5D5CB177-9065-4E31-5266-08D9243EA812,47.1645088195801,27.5619659423828,"Iasi (judet), Iasi"
A5CCEC62-5BDF-4941-5267-08D9243EA812,47.1626739501953,27.5640811920166,"Iasi (judet), Alexandru cel Bun"
4E5B5DDB-5FE1-4B1E-5269-08D9243EA812,47.1801338195801,27.5181694030762,"Iasi (judet), Strada Prof. I. P. Culianu"
439634EF-0085-4E80-526B-08D9243EA812,47.1546592712402,27.5907707214355,"Iasi (judet), Podu Ros"
4E9A1891-D861-4C5E-5272-08D9243EA812,47.1628837585449,27.5869789123535,"Iasi (judet), Centru"
6F0ED890-4D28-4362-5274-08D9243EA812,47.180118560791,27.5975494384766,"Iasi (judet), Stradela Moara de Vant"
8C2A6554-368F-49B8-5275-08D9243EA812,47.1754302978516,27.5503559112549,"Iasi (judet), Pacurari"
732C4485-F8BC-4837-5276-08D9243EA812,47.1673774719238,27.567289352417,"Iasi (judet), Gara"
25964164-7877-41B3-5277-08D9243EA812,47.162956237793,27.582389831543,"Iasi (judet), Bulevardul Stefan cel Mare si Sfant"
832F5743-267E-448A-5278-08D9243EA812,47.1628837585449,27.5869789123535,"Iasi (judet), Centru"
2E016B94-E618-436E-527A-08D9243EA812,47.1613235473633,27.6216278076172,"Iasi (judet), Iasi"
8301E21D-2E9E-4462-527B-08D9243EA812,47.173583984375,27.5570774078369,"Iasi (judet), Soseaua Moara de Foc"
2B561D5F-FF1D-40C9-527C-08D9243EA812,47.1427993774414,27.578800201416,"Iasi (judet), Strada Petre Tutea"
AE6693D0-BC91-48DE-527D-08D9243EA812,47.1754302978516,27.5503559112549,"Iasi (judet), Pacurari"
C29177B2-4445-4AC0-527E-08D9243EA812,47.151008605957,27.5943660736084,"Iasi (judet), Iasi"
F2848828-F67C-4DA6-527F-08D9243EA812,47.16796875,27.5577411651611,"Iasi (judet), Bulevardul Dacia"
6BCA2E73-7330-4D51-5280-08D9243EA812,47.1520195007324,27.6198596954346,"Iasi (judet), Iasi"
F52E385C-5376-4A68-5284-08D9243EA812,47.1282386779785,27.5695819854736,"Iasi (judet), CUG"
28A70385-06C1-487C-5285-08D9243EA812,47.1628837585449,27.5869789123535,"Iasi (judet), Centru"
5ADDB281-1C41-4A78-5286-08D9243EA812,47.1628837585449,27.5869789123535,"Iasi (judet), Centru"
9215F623-B52D-42EF-5287-08D9243EA812,47.1754302978516,27.5503559112549,"Iasi (judet), Pacurari"
9D325512-65C8-4E3E-5288-08D9243EA812,47.1682891845703,27.5574836730957,"Iasi (judet), Bulevardul Dacia"
316C97B6-8F1F-4D72-5289-08D9243EA812,47.1522407531738,27.5760593414307,"Iasi (judet), Iasi"
46A00CC6-B9FF-457F-528A-08D9243EA812,47.1640281677246,27.6073894500732,"Iasi (judet), Tatarasi Nord"
3A0E2385-C3F4-4BC8-528B-08D9243EA812,47.1450004577637,27.5979995727539,"Iasi (judet), Iasi"
9A316A08-301D-4551-528D-08D9243EA812,47.1628837585449,27.5869789123535,"Iasi (judet), Centru"
3627B2DC-291A-4AA5-528E-08D9243EA812,47.1802215576172,27.5979690551758,"Iasi (judet), Stradela Moara de Vant"
5292106D-44E6-4DE5-5291-08D9243EA812,47.1427993774414,27.578800201416,"Iasi (judet), Strada Petre Tutea"
53824E05-F9E4-4BE4-5292-08D9243EA812,47.1211891174316,27.569206237793,"Iasi (judet), CUG"
6F7E933B-570A-4EC6-5293-08D9243EA812,47.1556396484375,27.6112308502197,"Iasi (judet), Strada Ciurchi"
D0D31E59-9B4D-4947-5294-08D9243EA812,47.1603317260742,27.5901107788086,"Iasi (judet), Strada Panu Anastasie"
FF907421-2306-424A-5296-08D9243EA812,47.1495704650879,27.587329864502,"Iasi (judet), Aleea Nicolina"
D0CA37B1-7956-4C90-5298-08D9243EA812,47.1340484619141,27.5728015899658,"Iasi (judet), Soseaua Nicolina"
716A0EA9-2A23-4D8C-5299-08D9243EA812,47.1531295776367,27.6127700805664,"Iasi (judet), Bulevardul Chimiei"
5B2DD584-9857-443E-529A-08D9243EA812,47.163688659668,27.5661697387695,"Iasi (judet), Iasi"
A21A228C-06ED-4E4A-529D-08D9243EA812,47.1562461853027,27.6014747619629,"Iasi (judet), Tudor Vladimirescu"
8C9FF13C-6DBE-4EA9-529E-08D9243EA812,47.1665306091309,27.5572891235352,"Iasi (judet), Bulevardul Alexandru cel Bun"
3B3727B2-F9E3-40DE-52A0-08D9243EA812,47.1562004089355,27.5892124176025,"Iasi (judet), Strada Palas"
9C516CE0-9A53-433B-52A1-08D9243EA812,47.1211891174316,27.569206237793,"Iasi (judet), CUG"
C848340D-7EA8-4F13-52A2-08D9243EA812,47.1562004089355,27.5892124176025,"Iasi (judet), Strada Palas"
DB5808A8-44B8-456A-52A3-08D9243EA812,47.1623840332031,27.5899124145508,"Iasi (judet), Centru"
1A2FB520-5B8B-4617-52A4-08D9243EA812,47.1562004089355,27.5892124176025,"Iasi (judet), Podu Ros"
8E769887-9DAC-4046-52A6-08D9243EA812,47.1522407531738,27.5760593414307,"Iasi (judet), Iasi"
86107957-70E2-42F0-52A7-08D9243EA812,47.1470565795898,27.5826930999756,"Iasi (judet), Podu Ros"
D4E7A2A9-721E-4DCB-52A8-08D9243EA812,47.1626014709473,27.6047992706299,"Iasi (judet), Strada Tatarasi"
E3D2C758-D7F0-449C-52AA-08D9243EA812,47.1536102294922,27.6099605560303,"Iasi (judet), Strada Mihai Voda Viteazul"
1F3C8712-06E0-4AA1-52AC-08D9243EA812,47.1628837585449,27.5869789123535,"Iasi (judet), Centru"
67D6559E-6A85-4CE0-52AD-08D9243EA812,47.1562461853027,27.6014747619629,"Iasi (judet), Tudor Vladimirescu"
D7985B94-7575-4293-52B3-08D9243EA812,47.1589546203613,27.5764446258545,"Iasi (judet), Uzinei"
41704B84-3465-4FCF-52B8-08D9243EA812,47.1211891174316,27.569206237793,"Iasi (judet), CUG"
2DC3C2AE-18E6-40A3-52BA-08D9243EA812,47.1561012268066,27.6054096221924,"Iasi (judet), Iasi"
5002C510-801B-4B8E-52BB-08D9243EA812,47.1628837585449,27.5869789123535,"Iasi (judet), Centru"
61006C5E-F679-43DF-52BD-08D9243EA812,47.1602210998535,27.5900535583496,"Iasi (judet), Centru"
378E46C7-9833-4077-52C0-08D9243EA812,47.1490783691406,27.5869007110596,"Iasi (judet), Aleea Nicolina"
69DD8248-9AA0-476D-52C1-08D9243EA812,47.1640281677246,27.6073894500732,"Iasi (judet), Tatarasi Nord"
89BCAB2F-831E-4DC1-52C2-08D9243EA812,47.1520195007324,27.6198596954346,"Iasi (judet), Iasi"
2A4ECB6A-271F-4535-52C8-08D9243EA812,47.1747398376465,27.5432090759277,"Iasi (judet), Soseaua Pacurari"
CFF249EC-B704-41C6-52C9-08D9243EA812,47.1259002685547,27.5575008392334,"Iasi (judet), Strada Sub Cosere"
CB34EEFF-4B7E-4ED4-52CA-08D9243EA812,47.1490783691406,27.5869007110596,"Iasi (judet), Aleea Nicolina"
2E1687E6-A538-411D-52CD-08D9243EA812,47.1569442749023,27.5937023162842,"Iasi (judet), Strada Moldovei"
1897B07C-E4FE-4CFF-52CE-08D9243EA812,47.1637306213379,27.5977306365967,"Iasi (judet), Strada Profesor Paul Ion"
7636D5A2-474A-41C5-52CF-08D9243EA812,47.1529083251953,27.5882549285889,"Iasi (judet), Podu Ros"
710A8C26-7811-4E70-52D0-08D9243EA812,47.1754302978516,27.5503559112549,"Iasi (judet), Pacurari"
672C3010-3B0C-4BBA-52D2-08D9243EA812,47.1549873352051,27.5846862792969,"Iasi (judet), Iasi"
7FDD5F80-8C8C-4848-52D5-08D9243EA812,47.1666488647461,27.5573692321777,"Iasi (judet), Bulevardul Alexandru cel Bun"
C0511A0A-5D4F-4647-52D6-08D9243EA812,47.155460357666,27.5693435668945,"Iasi (judet), Mircea cel Batran"
C00E96C8-4A8C-46BA-52D8-08D9243EA812,47.1676483154297,27.5515937805176,"Iasi (judet), Dacia"
408B4DD0-7B3B-4F29-52D9-08D9243EA812,47.1623992919922,27.6015014648438,"Iasi (judet), Tatarasi Nord"
7F205FDD-C946-47F2-52DA-08D9243EA812,47.1623954772949,27.5827369689941,"Iasi (judet), Bulevardul Stefan cel Mare si Sfant"
17BFEE38-63A9-49CC-52DD-08D9243EA812,47.1562461853027,27.6014747619629,"Iasi (judet), Tudor Vladimirescu"
AB4FA02D-5936-4E9C-52E1-08D9243EA812,47.1617317199707,27.620569229126,"Iasi (judet), Strada Fantanilor"
67A204F8-8E2D-497B-52E2-08D9243EA812,47.1617317199707,27.620569229126,"Iasi (judet), Strada Fantanilor"
05D89CD3-38A4-456C-52E4-08D9243EA812,47.1725692749023,27.5550556182861,"Iasi (judet), Iasi"
6451C025-6D3F-4EAF-52E5-08D9243EA812,47.1344795227051,27.5726699829102,"Iasi (judet), Soseaua Nicolina"
7824D640-DA71-468F-52E9-08D9243EA812,47.163818359375,27.6152496337891,"Iasi (judet), Strada Ciric"
2AB4EA6B-C4DD-4252-52EA-08D9243EA812,47.1441459655762,27.5770435333252,"Iasi (judet), Nicolina 1"
FA8805E2-6110-4DC9-52EB-08D9243EA812,47.1441459655762,27.5770435333252,"Iasi (judet), Nicolina 1"
26B339A4-3D00-4C01-52ED-08D9243EA812,47.1335983276367,27.5727214813232,"Iasi (judet), Nicolina 2"
99720E0E-E1EF-49B7-52EE-08D9243EA812,47.1335601806641,27.5729694366455,"Iasi (judet), Nicolina 2"
F9B039FB-7E65-43B3-52F2-08D9243EA812,47.1328048706055,27.5718936920166,"Iasi (judet), Soseaua Nicolina"
A3EB0B17-90B9-45BE-52F3-08D9243EA812,47.1596374511719,27.5902252197266,"Iasi (judet), Strada Anastasie Panu"
1139002E-A3DF-400C-52F4-08D9243EA812,47.1587677001953,27.5894432067871,"Iasi (judet), Iasi"
098BE5CA-0494-41D1-52F5-08D9243EA812,47.1628837585449,27.5869789123535,"Iasi (judet), Centru"
2CAA33FB-0B19-4D13-52F6-08D9243EA812,47.1522407531738,27.5760593414307,"Iasi (judet), Iasi"
E8C6035F-E814-4516-52F7-08D9243EA812,47.1562461853027,27.6014747619629,"Iasi (judet), Tudor Vladimirescu"
A92FB9EC-5BF0-4153-52F8-08D9243EA812,47.1585693359375,27.5935039520264,"Iasi (judet), Tudor Vladimirescu"
4BA53A2A-78FA-4601-52FC-08D9243EA812,47.1626739501953,27.5640811920166,"Iasi (judet), Alexandru cel Bun"
F2E8297A-0792-49E8-52FD-08D9243EA812,47.1533508300781,27.612190246582,"Iasi (judet), Bulevardul Chimiei"
1E25A720-3561-476F-52FE-08D9243EA812,47.1640281677246,27.6073894500732,"Iasi (judet), Tatarasi Nord"
835445AA-9AA4-42EF-52FF-08D9243EA812,47.1656684875488,27.5997905731201,"Iasi (judet), Strada Eternitate"
7D3F56DD-9D40-4586-5300-08D9243EA812,47.1562461853027,27.6014747619629,"Iasi (judet), Tudor Vladimirescu"
C091EE77-C0A8-4283-5301-08D9243EA812,47.1640281677246,27.6073894500732,"Iasi (judet), Tatarasi Nord"
C965ED15-C1C5-4811-5305-08D9243EA812,47.1427993774414,27.578800201416,"Iasi (judet), Strada Petre Tutea"
1ED4E584-5DBC-448F-5306-08D9243EA812,47.1584243774414,27.6107902526855,"Iasi (judet), Iasi"
C298F7AD-AEF6-4D96-5307-08D9243EA812,47.1450729370117,27.5860042572021,"Iasi (judet), Iasi"
137BD0FB-FCFB-4CE7-5309-08D9243EA812,47.1532745361328,27.605396270752,"Iasi (judet), Iasi"
FBF77D38-079C-48C3-530A-08D9243EA812,47.16796875,27.5579128265381,"Iasi (judet), Bulevardul Dacia"
7683EBF6-C0C0-4439-530B-08D9243EA812,47.168270111084,27.5704803466797,"Iasi (judet), Soseaua Arcu"
03BEA27A-3344-49CA-530D-08D9243EA812,47.1576766967773,27.6004314422607,"Iasi (judet), Bulevardul Tudor Vladimirescu"
914DBFEA-3320-44C1-530F-08D9243EA812,47.1581153869629,27.5875434875488,"Iasi (judet), Iasi"
35C4C19D-CE99-4A0E-5310-08D9243EA812,47.1535873413086,27.5652561187744,"Iasi (judet), Galata"
A536E638-2F64-4E9F-5312-08D9243EA812,47.1636238098145,27.6190528869629,"Iasi (judet), Strada Fantanilor"
63DCA83A-E784-4C85-5313-08D9243EA812,47.1628837585449,27.5869789123535,"Iasi (judet), Centru"
EA15B75F-43EF-4D4B-5315-08D9243EA812,47.1664009094238,27.557300567627,"Iasi (judet), Bulevardul Alexandru cel Bun"
BF3EC1E9-3BC2-43AC-5316-08D9243EA812,47.1727981567383,27.5556392669678,"Iasi (judet), Soseaua Moara de Foc"
09B24CE0-60FF-4F95-5319-08D9243EA812,47.1516914367676,27.5722732543945,"Iasi (judet), Galata"
9F18DFE4-8608-4A53-531C-08D9243EA812,47.1668014526367,27.548900604248,"Iasi (judet), Bulevardul Dacia"
09CA2C1A-5599-4EDC-531D-08D9243EA812,47.1623992919922,27.6015014648438,"Iasi (judet), Tatarasi Nord"
30F3A912-1143-4B3D-531E-08D9243EA812,47.1568183898926,27.601490020752,"Iasi (judet), Strada Voda Tepes"
4D00071F-EB7A-4F7B-5321-08D9243EA812,47.1427993774414,27.578800201416,"Iasi (judet), Strada Petre Tutea"
24936531-EAC1-4E8C-5322-08D9243EA812,47.1427993774414,27.578800201416,"Iasi (judet), Strada Petre Tutea"
6FB6682A-3C25-4DDC-5323-08D9243EA812,47.1567001342773,27.6032009124756,"Iasi (judet), Bulevardul Tudor Vladimirescu"
66827247-F261-47FA-5324-08D9243EA812,47.1587905883789,27.6102848052979,"Iasi (judet), Iasi"
39BB8598-873C-4047-5325-08D9243EA812,47.1508522033691,27.5868129730225,"Iasi (judet), Podu Ros"
3181D0BC-9EF7-4018-5326-08D9243EA812,47.1673774719238,27.567289352417,"Iasi (judet), Gara"
51310582-BD3F-480C-5327-08D9243EA812,47.1344413757324,27.5727806091309,"Iasi (judet), Soseaua Nicolina"
6A036357-D669-407B-5329-08D9243EA812,47.1754302978516,27.5503559112549,"Iasi (judet), Pacurari"
CC4892AA-4E8C-42FB-532A-08D9243EA812,47.1302108764648,27.6064796447754,"Iasi (judet), Strada Visan"
7474F4C2-2DAA-432C-532B-08D9243EA812,47.1626014709473,27.6047992706299,"Iasi (judet), Strada Tatarasi"
B64CC4B1-4017-4F8E-532C-08D9243EA812,47.1626014709473,27.6047992706299,"Iasi (judet), Strada Tatarasi"
3845AF35-1737-4EF0-532E-08D9243EA812,47.1522407531738,27.5760593414307,"Iasi (judet), Iasi"
2A992D75-2A78-4947-5331-08D9243EA812,47.1626014709473,27.6047992706299,"Iasi (judet), Strada Tatarasi"
A9436434-4CA1-48D3-5332-08D9243EA812,47.1669998168945,27.5944995880127,"Iasi (judet), Strada Eternitate"
2DB48CB2-5909-449B-5334-08D9243EA812,47.1661987304688,27.5713005065918,"Iasi (judet), Strada Garii"
BF85C2BF-672F-4B72-5335-08D9243EA812,47.1571884155273,27.5955715179443,"Iasi (judet), Strada Moldovei"
58F29526-4291-4518-5337-08D9243EA812,47.1681709289551,27.5687103271484,"Iasi (judet), Strada Bacinschi"
07BE2AA3-FCA1-4B49-5338-08D9243EA812,47.1562461853027,27.6014747619629,"Iasi (judet), Tudor Vladimirescu"
2507BFBC-86F1-4601-533C-08D9243EA812,47.1640281677246,27.6073894500732,"Iasi (judet), Tatarasi Nord"
7CB4B6D4-CAAB-4EBD-533F-08D9243EA812,47.1628837585449,27.5869789123535,"Iasi (judet), Centru"
DB3955C0-9599-4402-5341-08D9243EA812,47.1596374511719,27.5733737945557,"Iasi (judet), Iasi"
45D5FAC9-2E64-4909-5343-08D9243EA812,47.1516990661621,27.5872001647949,"Iasi (judet), Podu Ros"
1368B587-EF0B-482E-5347-08D9243EA812,47.1561012268066,27.6054096221924,"Iasi (judet), Iasi"
86343415-7986-4750-534A-08D9243EA812,47.154598236084,27.5946826934814,"Iasi (judet), Strada Dimitrie Manjeron"
49525FDC-CDF8-4029-534C-08D9243EA812,47.1551895141602,27.5875282287598,"Iasi (judet), Strada Sfantul Constantin"
1ABA716E-125F-4C62-534F-08D9243EA812,47.1628837585449,27.5869789123535,"Iasi (judet), Centru"
43501938-51A1-4A60-5350-08D9243EA812,47.1665954589844,27.5803203582764,"Iasi (judet), Piata Unirii"
789F0218-32F6-4EC4-5353-08D9243EA812,47.1670341491699,27.5842800140381,"Iasi (judet), Bulevardul Independentei"
5EC67076-159C-4BA0-5354-08D9243EA812,47.1628837585449,27.5869789123535,"Iasi (judet), Centru"
F9BB3A19-F3BD-418A-5355-08D9243EA812,47.1734161376953,27.5373306274414,"Iasi (judet), Pacurari"
8FE47069-D9A3-4ECC-5356-08D9243EA812,47.1211891174316,27.569206237793,"Iasi (judet), CUG"
F2805664-08B7-4E7E-5357-08D9243EA812,47.1445198059082,27.5851993560791,"Iasi (judet), Nicolina 2"
BE16455D-4684-45FB-5358-08D9243EA812,47.1427993774414,27.578800201416,"Iasi (judet), Strada Petre Tutea"
37491411-5972-4940-535B-08D9243EA812,47.161548614502,27.6089534759521,"Iasi (judet), Iasi"
275A20AF-F57A-4D11-535E-08D9243EA812,47.1728553771973,27.5689582824707,"Iasi (judet), Bulevardul Carol I"
F87BB355-2261-4014-535F-08D9243EA812,47.1791000366211,27.5687007904053,"Iasi (judet), Bulevardul Carol I"
23616BEE-CF0D-45C7-5360-08D9243EA812,47.1440925598145,27.5800666809082,"Iasi (judet), Iasi"
4823FEDC-E122-4431-5362-08D9243EA812,47.1508522033691,27.5868129730225,"Iasi (judet), Podu Ros"
98D1BC88-68E1-4177-5368-08D9243EA812,47.1626739501953,27.5640811920166,"Iasi (judet), Alexandru cel Bun"
56E6463E-E0A4-4637-5369-08D9243EA812,47.1712265014648,27.5622673034668,"Iasi (judet), Gara"
6E39616D-5993-4F40-536A-08D9243EA812,47.1427993774414,27.578800201416,"Iasi (judet), Strada Petre Tutea"
19E63C35-C330-44A5-536B-08D9243EA812,47.1628837585449,27.5869789123535,"Iasi (judet), Centru"
0EF2A844-6C47-46E5-536C-08D9243EA812,47.1807823181152,27.5669631958008,"Iasi (judet), Copou"
FD3B9AEB-9008-4872-536D-08D9243EA812,47.1486396789551,27.6209487915039,"Iasi (judet), Zona Industriala"
A378FD52-023B-44E3-536E-08D9243EA812,47.1523094177246,27.6082859039307,"Iasi (judet), Bulevardul Tudor Vladimirescu"
8819D923-EA26-46B7-536F-08D9243EA812,47.1628837585449,27.5869789123535,"Iasi (judet), Centru"
4DDF6219-A85B-4E36-5371-08D9243EA812,47.1447944641113,27.5756740570068,"Iasi (judet), Strada Salciilor"
97B8323D-9C96-4E26-5375-08D9243EA812,47.1640281677246,27.6073894500732,"Iasi (judet), Tatarasi Nord"
19811070-CDEC-4D1C-5376-08D9243EA812,47.157642364502,27.5979175567627,"Iasi (judet), Iasi"
55334CB2-DC9D-435B-5377-08D9243EA812,47.1673774719238,27.567289352417,"Iasi (judet), Gara"
E2892EED-27F6-4F3D-5378-08D9243EA812,47.1516189575195,27.5784893035889,"Iasi (judet), Strada Romana"
3AC34EBD-B1D8-41EC-537B-08D9243EA812,47.1662139892578,27.5778312683105,"Iasi (judet), Piata Unirii"
6894B8A4-2407-47F0-537D-08D9243EA812,47.1520195007324,27.6198596954346,"Iasi (judet), Iasi"
A19EF382-61AB-4F4D-5380-08D9243EA812,47.1807823181152,27.5669631958008,"Iasi (judet), Copou"
47E9F57A-6EAE-4DE5-5381-08D9243EA812,47.1567001342773,27.6032009124756,"Iasi (judet), Bulevardul Tudor Vladimirescu"
F742D239-21C8-4F5B-5383-08D9243EA812,47.1522407531738,27.5760593414307,"Iasi (judet), Iasi"
753D0393-9794-4A68-5385-08D9243EA812,47.1791000366211,27.5687007904053,"Iasi (judet), Bulevardul Carol I"
9EAC15C1-F781-4208-5386-08D9243EA812,47.1701507568359,27.5835494995117,"Iasi (judet), Iasi"
301AE82C-395E-464B-5389-08D9243EA812,47.1628837585449,27.5869789123535,"Iasi (judet), Centru"
AEE71876-0CC1-45CA-538E-08D9243EA812,47.1640281677246,27.6073894500732,"Iasi (judet), Tatarasi Nord"
9F68C8B9-1475-4833-5390-08D9243EA812,47.1355476379395,27.5898036956787,"Iasi (judet), Frumoasa"
03FCC5A1-B30E-4B00-5392-08D9243EA812,47.1747512817383,27.5452003479004,"Iasi (judet), Soseaua Pacurari"
65C24614-F93D-4FE6-5393-08D9243EA812,47.1628837585449,27.5869789123535,"Iasi (judet), Centru"
B24F2160-7284-4579-5394-08D9243EA812,47.175178527832,27.5611953735352,"Iasi (judet), Iasi"
5D19BB0F-B3B5-486F-5395-08D9243EA812,47.1415176391602,27.6040515899658,"Iasi (judet), Bularga"
4D230B00-9654-4771-5397-08D9243EA812,47.163688659668,27.5661697387695,"Iasi (judet), Iasi"
4867539B-4EC2-49AE-5399-08D9243EA812,47.1658096313477,27.5711994171143,"Iasi (judet), Strada Garii"
AB292C6A-A251-4E76-539B-08D9243EA812,47.1561584472656,27.5758361816406,"Iasi (judet), Strada Decebal"
1696AE47-3F9F-4850-53A0-08D9243EA812,47.1670341491699,27.5842800140381,"Iasi (judet), Bulevardul Independentei"
262749DB-1C74-47C9-53A2-08D9243EA812,47.1555671691895,27.6178684234619,"Iasi (judet), Tatarasi Sud"
C63244BA-509A-4E93-53A4-08D9243EA812,47.1555671691895,27.6178684234619,"Iasi (judet), Tatarasi Sud"
298D6757-D253-44DA-53A6-08D9243EA812,47.1555595397949,27.5952606201172,"Iasi (judet), Strada Malu"
AD252479-5D31-4D91-53A8-08D9243EA812,47.1569519042969,27.6186599731445,"Iasi (judet), Strada Ciurchi"
F25CEED6-4F0C-4DD8-53AA-08D9243EA812,47.1589546203613,27.5764446258545,"Iasi (judet), Uzinei"
53E173A3-DBD9-4BD0-53AB-08D9243EA812,47.1665954589844,27.5803203582764,"Iasi (judet), Piata Unirii"
3E81CB49-02E0-4D4A-53AC-08D9243EA812,47.1522407531738,27.5760593414307,"Iasi (judet), Iasi"
DFB4A75B-2745-44D4-53AD-08D9243EA812,47.1628837585449,27.5869789123535,"Iasi (judet), Centru"
D8DE3E5E-4047-444A-53AF-08D9243EA812,47.1421775817871,27.5746269226074,"Iasi (judet), Nicolina 1"
260E10D0-B76D-4A6D-53B0-08D9243EA812,47.1729965209961,27.5678272247314,"Iasi (judet), Strada Pojarniciei"
28D14D70-D2B8-417A-53B1-08D9243EA812,47.1589546203613,27.5764446258545,"Iasi (judet), Uzinei"
EB07669B-F3EC-46F3-53B4-08D9243EA812,47.1628837585449,27.5869789123535,"Iasi (judet), Centru"
6759AFC9-5DB9-446C-53B5-08D9243EA812,47.1544914245605,27.5914897918701,"Iasi (judet), Strada Profesor Sesan A."
C50398CF-E17D-4DDE-53B6-08D9243EA812,47.1589546203613,27.5764446258545,"Iasi (judet), Uzinei"
E77F7B18-15B3-4EBF-53B9-08D9243EA812,47.1555671691895,27.6178684234619,"Iasi (judet), Tatarasi Sud"
A0C696DA-A0EC-4620-53BE-08D9243EA812,47.1807823181152,27.5669631958008,"Iasi (judet), Copou"
787CD731-91B2-47E7-53BF-08D9243EA812,47.1441650390625,27.6002349853516,"Iasi (judet), Iasi"
3B4C08C1-47C4-4552-53C0-08D9243EA812,47.1508522033691,27.5868129730225,"Iasi (judet), Podu Ros"
99F22D0F-1666-4C61-53C1-08D9243EA812,47.1415176391602,27.6040515899658,"Iasi (judet), Bularga"
C558EB7A-070E-455C-53C5-08D9243EA812,47.1662292480469,27.5712699890137,"Iasi (judet), Strada Garii"
7DCE5E0A-709B-42C7-53C7-08D9243EA812,47.1560173034668,27.6161193847656,"Iasi (judet), Tatarasi Sud"
D532FF31-EA30-47E5-53C8-08D9243EA812,47.1555671691895,27.6178684234619,"Iasi (judet), Tatarasi Sud"
8179D79A-C9AB-4A25-53C9-08D9243EA812,47.1522407531738,27.5760593414307,"Iasi (judet), Iasi"
D43337B5-904E-4097-53D3-08D9243EA812,47.1208000183105,27.6261005401611,"Iasi (judet), Soseaua Bucium"
FB136D29-7680-4350-53D4-08D9243EA812,47.1628837585449,27.5869789123535,"Iasi (judet), Centru"
6C6EB257-91E6-4113-53D6-08D9243EA812,47.1754302978516,27.5503559112549,"Iasi (judet), Pacurari"
A083EE7F-6CA9-457C-53D7-08D9243EA812,47.1549339294434,27.6126708984375,"Iasi (judet), Iasi"
8A12B3FA-E90F-4281-53DA-08D9243EA812,47.1640281677246,27.6073894500732,"Iasi (judet), Tatarasi Nord"
80600CFD-6648-4FB4-53DB-08D9243EA812,47.1569404602051,27.5902805328369,"Iasi (judet), Iasi"
34ECD48F-B30B-4A3C-53DE-08D9243EA812,47.1486396789551,27.6209487915039,"Iasi (judet), Zona Industriala"
790E485B-E6FA-4AFE-53DF-08D9243EA812,47.1508522033691,27.5868129730225,"Iasi (judet), Podu Ros"
A863F01B-D727-4A37-53E0-08D9243EA812,47.1508522033691,27.5868129730225,"Iasi (judet), Podu Ros"
69F483CF-1DC4-47A9-53E1-08D9243EA812,47.1486396789551,27.6209487915039,"Iasi (judet), Zona Industriala"
409D057D-66F8-4E2D-53E2-08D9243EA812,47.1508522033691,27.5868129730225,"Iasi (judet), Podu Ros"
14D4108A-72B1-4458-53E3-08D9243EA812,47.1515350341797,27.5873241424561,"Iasi (judet), Iasi"
4A4512D6-2CFB-4A85-53E4-08D9243EA812,47.1628837585449,27.5869789123535,"Iasi (judet), Centru"
9DD74E28-917E-42D4-53E5-08D9243EA812,47.1508522033691,27.5868129730225,"Iasi (judet), Podu Ros"
EABB26D5-856E-47DB-53E7-08D9243EA812,47.1486396789551,27.6209487915039,"Iasi (judet), Zona Industriala"
C836B630-76D5-4D9C-53E9-08D9243EA812,47.1555671691895,27.6178684234619,"Iasi (judet), Tatarasi Sud"
785458FA-8166-4961-53EB-08D9243EA812,47.1508522033691,27.5868129730225,"Iasi (judet), Podu Ros"
61B2A442-2F7C-432F-53EC-08D9243EA812,47.1486396789551,27.6209487915039,"Iasi (judet), Zona Industriala"
78223233-CFA8-466B-53ED-08D9243EA812,47.1486396789551,27.6209487915039,"Iasi (judet), Zona Industriala"
0606C2A0-FB8F-4BF1-53EE-08D9243EA812,47.1628837585449,27.5869789123535,"Iasi (judet), Centru"
4FB6083B-01F4-4121-53EF-08D9243EA812,47.1508522033691,27.5868129730225,"Iasi (judet), Podu Ros"
AC0F9A29-8D3E-443A-53F0-08D9243EA812,47.1486396789551,27.6209487915039,"Iasi (judet), Zona Industriala"
A9090123-B5E9-490E-53F3-08D9243EA812,47.1756477355957,27.5714740753174,"Iasi (judet), Copou"
A1B68836-2B0A-4CDC-53F5-08D9243EA812,47.1450004577637,27.5979995727539,"Iasi (judet), Iasi"
8EED5BE8-C7C9-421C-53F6-08D9243EA812,47.163688659668,27.5661697387695,"Iasi (judet), Iasi"
9886C939-8F8C-4046-53F7-08D9243EA812,47.174129486084,27.5541496276855,"Iasi (judet), Strada Pacurari"
6573C7A8-9406-4357-53F8-08D9243EA812,47.1535453796387,27.6172657012939,"Iasi (judet), Iasi"
4FC25D56-1829-47FC-53FC-08D9243EA812,47.157787322998,27.5799446105957,"Iasi (judet), Uzinei"
3FDBCA61-F5A4-488B-53FD-08D9243EA812,47.1494216918945,27.5795612335205,"Iasi (judet), Podu Ros"
744C48D7-83AD-455D-53FE-08D9243EA812,47.1608543395996,27.5925483703613,"Iasi (judet), Iasi"
15F0B82B-C245-47A6-5403-08D9243EA812,47.1427993774414,27.578800201416,"Iasi (judet), Strada Petre Tutea"
3F9E89EB-C987-4F54-5404-08D9243EA812,47.1411209106445,27.5856513977051,"Iasi (judet), Nicolina 2"
E42827C2-2461-4873-5405-08D9243EA812,47.1427993774414,27.578800201416,"Iasi (judet), Strada Petre Tutea"
6F748947-57F4-4814-5406-08D9243EA812,47.163200378418,27.5643997192383,"Iasi (judet), Bulevardul Alexandru cel Bun"
AC0FBF6C-85C8-4D5C-5408-08D9243EA812,47.1807823181152,27.5669631958008,"Iasi (judet), Copou"
14528057-7A0B-4B49-540A-08D9243EA812,47.1541938781738,27.6195259094238,"Iasi (judet), Iasi"
8E165B4F-FAF5-4FF5-540C-08D9243EA812,47.1508522033691,27.5868129730225,"Iasi (judet), Podu Ros"
7037FD20-0BBC-49ED-540E-08D9243EA812,47.163200378418,27.5643997192383,"Iasi (judet), Bulevardul Alexandru cel Bun"
210750BB-13B3-4FA2-5410-08D9243EA812,47.1421775817871,27.5746269226074,"Iasi (judet), Nicolina 1"
EA7DA6F3-A42D-41E9-5411-08D9243EA812,47.1517333984375,27.5690994262695,"Iasi (judet), Iasi"
AF548C24-B7C8-4036-5414-08D9243EA812,47.1597595214844,27.5883903503418,"Iasi (judet), Iasi"
EEC75A55-6AA7-4106-5415-08D9243EA812,47.1430549621582,27.5750465393066,"Iasi (judet), Iasi"
F7033B4C-712C-4F65-5416-08D9243EA812,47.1458625793457,27.5939598083496,"Iasi (judet), Bulevardul Socola"
EB48C4EF-AED4-40A9-5418-08D9243EA812,47.1421775817871,27.5746269226074,"Iasi (judet), Nicolina 1"
4931C949-70B6-475E-541B-08D9243EA812,47.1535873413086,27.5652561187744,"Iasi (judet), Galata"
09B6D24A-344C-43EB-541C-08D9243EA812,47.155460357666,27.5693435668945,"Iasi (judet), Mircea cel Batran"
C3F9B54C-9995-4AD8-541E-08D9243EA812,47.1628837585449,27.5869789123535,"Iasi (judet), Centru"
7F296DDB-340A-4188-541F-08D9243EA812,47.1421775817871,27.5746269226074,"Iasi (judet), Nicolina 1"
892839D2-073C-47DC-5422-08D9243EA812,47.1586570739746,27.5945816040039,"Iasi (judet), Iasi"
B9CDED24-D628-4D45-5423-08D9243EA812,47.1415176391602,27.6040515899658,"Iasi (judet), Bularga"
16B499E6-0F82-4233-5428-08D9243EA812,47.1556091308594,27.569278717041,"Iasi (judet), Iasi"
02285D23-8D24-4485-542F-08D9243EA812,47.1421775817871,27.5746269226074,"Iasi (judet), Nicolina 1"
D9087BBF-1BB5-42DC-5430-08D9243EA812,47.1502380371094,27.5892276763916,"Iasi (judet), Iasi"
866C58E3-56CA-4BA5-5432-08D9243EA812,47.1814002990723,27.5666007995605,"Iasi (judet), Iasi"
1E815917-5313-4831-5433-08D9243EA812,47.1347808837891,27.5863628387451,"Iasi (judet), Frumoasa"
87030742-306C-4020-5434-08D9243EA812,47.1421775817871,27.5746269226074,"Iasi (judet), Nicolina 1"
004E51A8-10F2-447C-5436-08D9243EA812,47.1436882019043,27.5871734619141,"Iasi (judet), Nicolina 2"
7847D46C-14FD-4434-5439-08D9243EA812,47.1435737609863,27.5841884613037,"Iasi (judet), Iasi"
C9BAA3C5-903E-43F4-543A-08D9243EA812,47.1756477355957,27.5714740753174,"Iasi (judet), Copou"
439C04C2-1D66-410B-543C-08D9243EA812,47.1347808837891,27.5863628387451,"Iasi (judet), Frumoasa"
5245BC2F-8948-4216-543D-08D9243EA812,47.1628837585449,27.5869789123535,"Iasi (judet), Centru"
340B158D-0C30-4612-543F-08D9243EA812,47.1628837585449,27.5869789123535,"Iasi (judet), Centru"
06978E97-9794-429C-5440-08D9243EA812,47.1628837585449,27.5869789123535,"Iasi (judet), Centru"
59A78664-1439-4BAC-5441-08D9243EA812,47.1638832092285,27.6080837249756,"Iasi (judet), Iasi"
9CACD433-48F6-41B8-5446-08D9243EA812,47.1623992919922,27.6015014648438,"Iasi (judet), Tatarasi Nord"
0F203422-6239-4610-544A-08D9243EA812,47.1707725524902,27.5713329315186,"Iasi (judet), Strada Pacurari"
44211261-14AE-4F3B-544C-08D9243EA812,47.1508522033691,27.5868129730225,"Iasi (judet), Podu Ros"
42E30538-B1BA-4C8A-544E-08D9243EA812,47.1415176391602,27.6040515899658,"Iasi (judet), Bularga"
7B6FE930-A5C6-4443-544F-08D9243EA812,47.1200866699219,27.6231136322021,"Iasi (judet), Bucium"
4CF736C6-72B9-4027-5453-08D9243EA812,47.1200866699219,27.6231136322021,"Iasi (judet), Bucium"
46049232-7BE7-4CC7-5455-08D9243EA812,47.1471481323242,27.5763187408447,"Iasi (judet), Iasi"
50620E02-5701-4C2C-5459-08D9243EA812,47.163688659668,27.5661697387695,"Iasi (judet), Iasi"
